Source Type,Underlying,Tenor Swap,Tenor Option,Tenor Swap Order,Tenor Option Order,Open
fx/delta,TEMP_REPLACE_ME - EUR/USD,,,,,1.123625
fx/delta,TEMP_REPLACE_ME - USD/JPY,,,,,1.096437
fx/delta,TEMP_REPLACE_ME - GBP/USD,,,,,1.117066
fx/gamma,TEMP_REPLACE_ME - EUR/USD,,,,,0.905582
fx/gamma,TEMP_REPLACE_ME - USD/JPY,,,,,0.973937
fx/gamma,TEMP_REPLACE_ME - GBP/USD,,,,,0.911924
fx/vega,TEMP_REPLACE_ME - EUR/USD Vol,TEMP_REPLACE_ME - 1M,,0,,0.204941
fx/vega,TEMP_REPLACE_ME - EUR/USD Vol,TEMP_REPLACE_ME - 3M,,1,,0.077804
fx/vega,TEMP_REPLACE_ME - EUR/USD Vol,TEMP_REPLACE_ME - 6M,,2,,0.212678
fx/vega,TEMP_REPLACE_ME - EUR/USD Vol,TEMP_REPLACE_ME - 1Y,,3,,0.302567
fx/vega,TEMP_REPLACE_ME - USD/JPY Vol,TEMP_REPLACE_ME - 1M,,0,,0.34424
fx/vega,TEMP_REPLACE_ME - USD/JPY Vol,TEMP_REPLACE_ME - 3M,,1,,0.149333
fx/vega,TEMP_REPLACE_ME - USD/JPY Vol,TEMP_REPLACE_ME - 6M,,2,,0.342395
fx/vega,TEMP_REPLACE_ME - USD/JPY Vol,TEMP_REPLACE_ME - 1Y,,3,,0.251207
fx/vega,TEMP_REPLACE_ME - GBP/USD Vol,TEMP_REPLACE_ME - 1M,,0,,0.238409
fx/vega,TEMP_REPLACE_ME - GBP/USD Vol,TEMP_REPLACE_ME - 3M,,1,,0.076202
fx/vega,TEMP_REPLACE_ME - GBP/USD Vol,TEMP_REPLACE_ME - 6M,,2,,0.076367
fx/vega,TEMP_REPLACE_ME - GBP/USD Vol,TEMP_REPLACE_ME - 1Y,,3,,0.099734
ir/delta,TEMP_REPLACE_ME - USD SOFR,TEMP_REPLACE_ME - 6M,,0,,0.05937
ir/delta,TEMP_REPLACE_ME - USD SOFR,TEMP_REPLACE_ME - 1Y,,1,,0.040807
ir/delta,TEMP_REPLACE_ME - USD SOFR,TEMP_REPLACE_ME - 2Y,,2,,0.016787
ir/delta,TEMP_REPLACE_ME - USD SOFR,TEMP_REPLACE_ME - 5Y,,3,,0.019458
ir/delta,TEMP_REPLACE_ME - USD SOFR,TEMP_REPLACE_ME - 10Y,,4,,0.023583
ir/delta,TEMP_REPLACE_ME - USD SOFR,TEMP_REPLACE_ME - 30Y,,5,,0.013276
ir/delta,TEMP_REPLACE_ME - EUR ESTR,TEMP_REPLACE_ME - 6M,,0,,0.063086
ir/delta,TEMP_REPLACE_ME - EUR ESTR,TEMP_REPLACE_ME - 1Y,,1,,0.023937
ir/delta,TEMP_REPLACE_ME - EUR ESTR,TEMP_REPLACE_ME - 2Y,,2,,0.029047
ir/delta,TEMP_REPLACE_ME - EUR ESTR,TEMP_REPLACE_ME - 5Y,,3,,0.033975
ir/delta,TEMP_REPLACE_ME - EUR ESTR,TEMP_REPLACE_ME - 10Y,,4,,0.055181
ir/delta,TEMP_REPLACE_ME - EUR ESTR,TEMP_REPLACE_ME - 30Y,,5,,0.079071
ir/delta,TEMP_REPLACE_ME - GBP SONIA,TEMP_REPLACE_ME - 6M,,0,,0.038446
ir/delta,TEMP_REPLACE_ME - GBP SONIA,TEMP_REPLACE_ME - 1Y,,1,,0.068436
ir/delta,TEMP_REPLACE_ME - GBP SONIA,TEMP_REPLACE_ME - 2Y,,2,,0.040874
ir/delta,TEMP_REPLACE_ME - GBP SONIA,TEMP_REPLACE_ME - 5Y,,3,,0.032934
ir/delta,TEMP_REPLACE_ME - GBP SONIA,TEMP_REPLACE_ME - 10Y,,4,,0.051926
ir/delta,TEMP_REPLACE_ME - GBP SONIA,TEMP_REPLACE_ME - 30Y,,5,,0.027055
ir/gamma,TEMP_REPLACE_ME - USD SOFR,TEMP_REPLACE_ME - 1Y,,0,,0.014627
ir/gamma,TEMP_REPLACE_ME - USD SOFR,TEMP_REPLACE_ME - 2Y,,1,,0.018155
ir/gamma,TEMP_REPLACE_ME - USD SOFR,TEMP_REPLACE_ME - 5Y,,2,,0.0272
ir/gamma,TEMP_REPLACE_ME - USD SOFR,TEMP_REPLACE_ME - 10Y,,3,,0.018783
ir/gamma,TEMP_REPLACE_ME - EUR ESTR,TEMP_REPLACE_ME - 1Y,,0,,0.026466
ir/gamma,TEMP_REPLACE_ME - EUR ESTR,TEMP_REPLACE_ME - 2Y,,1,,0.011028
ir/gamma,TEMP_REPLACE_ME - EUR ESTR,TEMP_REPLACE_ME - 5Y,,2,,0.042687
ir/gamma,TEMP_REPLACE_ME - EUR ESTR,TEMP_REPLACE_ME - 10Y,,3,,0.046127
ir/gamma,TEMP_REPLACE_ME - GBP SONIA,TEMP_REPLACE_ME - 1Y,,0,,0.078003
ir/gamma,TEMP_REPLACE_ME - GBP SONIA,TEMP_REPLACE_ME - 2Y,,1,,0.037231
ir/gamma,TEMP_REPLACE_ME - GBP SONIA,TEMP_REPLACE_ME - 5Y,,2,,0.055086
ir/gamma,TEMP_REPLACE_ME - GBP SONIA,TEMP_REPLACE_ME - 10Y,,3,,0.052006
ir/deltavega,TEMP_REPLACE_ME - USD SOFR Vol,TEMP_REPLACE_ME - 6M,TEMP_REPLACE_ME - 1M,0,0,0.304991
ir/deltavega,TEMP_REPLACE_ME - USD SOFR Vol,TEMP_REPLACE_ME - 6M,TEMP_REPLACE_ME - 3M,0,1,0.160232
ir/deltavega,TEMP_REPLACE_ME - USD SOFR Vol,TEMP_REPLACE_ME - 6M,TEMP_REPLACE_ME - 6M,0,2,0.307844
ir/deltavega,TEMP_REPLACE_ME - USD SOFR Vol,TEMP_REPLACE_ME - 6M,TEMP_REPLACE_ME - 1Y,0,3,0.055337
ir/deltavega,TEMP_REPLACE_ME - USD SOFR Vol,TEMP_REPLACE_ME - 1Y,TEMP_REPLACE_ME - 1M,1,0,0.336932
ir/deltavega,TEMP_REPLACE_ME - USD SOFR Vol,TEMP_REPLACE_ME - 1Y,TEMP_REPLACE_ME - 3M,1,1,0.138626
ir/deltavega,TEMP_REPLACE_ME - USD SOFR Vol,TEMP_REPLACE_ME - 1Y,TEMP_REPLACE_ME - 6M,1,2,0.3029
ir/deltavega,TEMP_REPLACE_ME - USD SOFR Vol,TEMP_REPLACE_ME - 1Y,TEMP_REPLACE_ME - 1Y,1,3,0.210893
ir/deltavega,TEMP_REPLACE_ME - USD SOFR Vol,TEMP_REPLACE_ME - 2Y,TEMP_REPLACE_ME - 1M,2,0,0.290567
ir/deltavega,TEMP_REPLACE_ME - USD SOFR Vol,TEMP_REPLACE_ME - 2Y,TEMP_REPLACE_ME - 3M,2,1,0.170597
ir/deltavega,TEMP_REPLACE_ME - USD SOFR Vol,TEMP_REPLACE_ME - 2Y,TEMP_REPLACE_ME - 6M,2,2,0.154778
ir/deltavega,TEMP_REPLACE_ME - USD SOFR Vol,TEMP_REPLACE_ME - 2Y,TEMP_REPLACE_ME - 1Y,2,3,0.181259
ir/deltavega,TEMP_REPLACE_ME - USD SOFR Vol,TEMP_REPLACE_ME - 5Y,TEMP_REPLACE_ME - 1M,3,0,0.268346
ir/deltavega,TEMP_REPLACE_ME - USD SOFR Vol,TEMP_REPLACE_ME - 5Y,TEMP_REPLACE_ME - 3M,3,1,0.347903
ir/deltavega,TEMP_REPLACE_ME - USD SOFR Vol,TEMP_REPLACE_ME - 5Y,TEMP_REPLACE_ME - 6M,3,2,0.343628
ir/deltavega,TEMP_REPLACE_ME - USD SOFR Vol,TEMP_REPLACE_ME - 5Y,TEMP_REPLACE_ME - 1Y,3,3,0.324731
ir/deltavega,TEMP_REPLACE_ME - USD SOFR Vol,TEMP_REPLACE_ME - 10Y,TEMP_REPLACE_ME - 1M,4,0,0.106784
ir/deltavega,TEMP_REPLACE_ME - USD SOFR Vol,TEMP_REPLACE_ME - 10Y,TEMP_REPLACE_ME - 3M,4,1,0.100091
ir/deltavega,TEMP_REPLACE_ME - USD SOFR Vol,TEMP_REPLACE_ME - 10Y,TEMP_REPLACE_ME - 6M,4,2,0.053123
ir/deltavega,TEMP_REPLACE_ME - USD SOFR Vol,TEMP_REPLACE_ME - 10Y,TEMP_REPLACE_ME - 1Y,4,3,0.192902
ir/deltavega,TEMP_REPLACE_ME - EUR ESTR Vol,TEMP_REPLACE_ME - 6M,TEMP_REPLACE_ME - 1M,0,0,0.273299
ir/deltavega,TEMP_REPLACE_ME - EUR ESTR Vol,TEMP_REPLACE_ME - 6M,TEMP_REPLACE_ME - 3M,0,1,0.267923
ir/deltavega,TEMP_REPLACE_ME - EUR ESTR Vol,TEMP_REPLACE_ME - 6M,TEMP_REPLACE_ME - 6M,0,2,0.121253
ir/deltavega,TEMP_REPLACE_ME - EUR ESTR Vol,TEMP_REPLACE_ME - 6M,TEMP_REPLACE_ME - 1Y,0,3,0.157001
ir/deltavega,TEMP_REPLACE_ME - EUR ESTR Vol,TEMP_REPLACE_ME - 1Y,TEMP_REPLACE_ME - 1M,1,0,0.194786
ir/deltavega,TEMP_REPLACE_ME - EUR ESTR Vol,TEMP_REPLACE_ME - 1Y,TEMP_REPLACE_ME - 3M,1,1,0.215513
ir/deltavega,TEMP_REPLACE_ME - EUR ESTR Vol,TEMP_REPLACE_ME - 1Y,TEMP_REPLACE_ME - 6M,1,2,0.346622
ir/deltavega,TEMP_REPLACE_ME - EUR ESTR Vol,TEMP_REPLACE_ME - 1Y,TEMP_REPLACE_ME - 1Y,1,3,0.267731
ir/deltavega,TEMP_REPLACE_ME - EUR ESTR Vol,TEMP_REPLACE_ME - 2Y,TEMP_REPLACE_ME - 1M,2,0,0.149918
ir/deltavega,TEMP_REPLACE_ME - EUR ESTR Vol,TEMP_REPLACE_ME - 2Y,TEMP_REPLACE_ME - 3M,2,1,0.306419
ir/deltavega,TEMP_REPLACE_ME - EUR ESTR Vol,TEMP_REPLACE_ME - 2Y,TEMP_REPLACE_ME - 6M,2,2,0.259883
ir/deltavega,TEMP_REPLACE_ME - EUR ESTR Vol,TEMP_REPLACE_ME - 2Y,TEMP_REPLACE_ME - 1Y,2,3,0.065726
ir/deltavega,TEMP_REPLACE_ME - EUR ESTR Vol,TEMP_REPLACE_ME - 5Y,TEMP_REPLACE_ME - 1M,3,0,0.178529
ir/deltavega,TEMP_REPLACE_ME - EUR ESTR Vol,TEMP_REPLACE_ME - 5Y,TEMP_REPLACE_ME - 3M,3,1,0.158666
ir/deltavega,TEMP_REPLACE_ME - EUR ESTR Vol,TEMP_REPLACE_ME - 5Y,TEMP_REPLACE_ME - 6M,3,2,0.306791
ir/deltavega,TEMP_REPLACE_ME - EUR ESTR Vol,TEMP_REPLACE_ME - 5Y,TEMP_REPLACE_ME - 1Y,3,3,0.320711
ir/deltavega,TEMP_REPLACE_ME - EUR ESTR Vol,TEMP_REPLACE_ME - 10Y,TEMP_REPLACE_ME - 1M,4,0,0.224162
ir/deltavega,TEMP_REPLACE_ME - EUR ESTR Vol,TEMP_REPLACE_ME - 10Y,TEMP_REPLACE_ME - 3M,4,1,0.322265
ir/deltavega,TEMP_REPLACE_ME - EUR ESTR Vol,TEMP_REPLACE_ME - 10Y,TEMP_REPLACE_ME - 6M,4,2,0.272147
ir/deltavega,TEMP_REPLACE_ME - EUR ESTR Vol,TEMP_REPLACE_ME - 10Y,TEMP_REPLACE_ME - 1Y,4,3,0.313223
ir/deltavega,TEMP_REPLACE_ME - GBP SONIA Vol,TEMP_REPLACE_ME - 6M,TEMP_REPLACE_ME - 1M,0,0,0.295604
ir/deltavega,TEMP_REPLACE_ME - GBP SONIA Vol,TEMP_REPLACE_ME - 6M,TEMP_REPLACE_ME - 3M,0,1,0.17036
ir/deltavega,TEMP_REPLACE_ME - GBP SONIA Vol,TEMP_REPLACE_ME - 6M,TEMP_REPLACE_ME - 6M,0,2,0.2144
ir/deltavega,TEMP_REPLACE_ME - GBP SONIA Vol,TEMP_REPLACE_ME - 6M,TEMP_REPLACE_ME - 1Y,0,3,0.23987
ir/deltavega,TEMP_REPLACE_ME - GBP SONIA Vol,TEMP_REPLACE_ME - 1Y,TEMP_REPLACE_ME - 1M,1,0,0.055268
ir/deltavega,TEMP_REPLACE_ME - GBP SONIA Vol,TEMP_REPLACE_ME - 1Y,TEMP_REPLACE_ME - 3M,1,1,0.31376
ir/deltavega,TEMP_REPLACE_ME - GBP SONIA Vol,TEMP_REPLACE_ME - 1Y,TEMP_REPLACE_ME - 6M,1,2,0.232406
ir/deltavega,TEMP_REPLACE_ME - GBP SONIA Vol,TEMP_REPLACE_ME - 1Y,TEMP_REPLACE_ME - 1Y,1,3,0.312095
ir/deltavega,TEMP_REPLACE_ME - GBP SONIA Vol,TEMP_REPLACE_ME - 2Y,TEMP_REPLACE_ME - 1M,2,0,0.197009
ir/deltavega,TEMP_REPLACE_ME - GBP SONIA Vol,TEMP_REPLACE_ME - 2Y,TEMP_REPLACE_ME - 3M,2,1,0.257453
ir/deltavega,TEMP_REPLACE_ME - GBP SONIA Vol,TEMP_REPLACE_ME - 2Y,TEMP_REPLACE_ME - 6M,2,2,0.332483
ir/deltavega,TEMP_REPLACE_ME - GBP SONIA Vol,TEMP_REPLACE_ME - 2Y,TEMP_REPLACE_ME - 1Y,2,3,0.133121
ir/deltavega,TEMP_REPLACE_ME - GBP SONIA Vol,TEMP_REPLACE_ME - 5Y,TEMP_REPLACE_ME - 1M,3,0,0.076667
ir/deltavega,TEMP_REPLACE_ME - GBP SONIA Vol,TEMP_REPLACE_ME - 5Y,TEMP_REPLACE_ME - 3M,3,1,0.273605
ir/deltavega,TEMP_REPLACE_ME - GBP SONIA Vol,TEMP_REPLACE_ME - 5Y,TEMP_REPLACE_ME - 6M,3,2,0.346106
ir/deltavega,TEMP_REPLACE_ME - GBP SONIA Vol,TEMP_REPLACE_ME - 5Y,TEMP_REPLACE_ME - 1Y,3,3,0.264833
ir/deltavega,TEMP_REPLACE_ME - GBP SONIA Vol,TEMP_REPLACE_ME - 10Y,TEMP_REPLACE_ME - 1M,4,0,0.200678
ir/deltavega,TEMP_REPLACE_ME - GBP SONIA Vol,TEMP_REPLACE_ME - 10Y,TEMP_REPLACE_ME - 3M,4,1,0.118979
ir/deltavega,TEMP_REPLACE_ME - GBP SONIA Vol,TEMP_REPLACE_ME - 10Y,TEMP_REPLACE_ME - 6M,4,2,0.31475
ir/deltavega,TEMP_REPLACE_ME - GBP SONIA Vol,TEMP_REPLACE_ME - 10Y,TEMP_REPLACE_ME - 1Y,4,3,0.075032
ir/xccy,TEMP_REPLACE_ME - EUR/USD XCCY,TEMP_REPLACE_ME - 1Y,,0,,0.022839
ir/xccy,TEMP_REPLACE_ME - EUR/USD XCCY,TEMP_REPLACE_ME - 2Y,,1,,0.012364
ir/xccy,TEMP_REPLACE_ME - EUR/USD XCCY,TEMP_REPLACE_ME - 5Y,,2,,0.009657
ir/xccy,TEMP_REPLACE_ME - EUR/USD XCCY,TEMP_REPLACE_ME - 10Y,,3,,0.031599
ir/xccy,TEMP_REPLACE_ME - GBP/USD XCCY,TEMP_REPLACE_ME - 1Y,,0,,0.014104
ir/xccy,TEMP_REPLACE_ME - GBP/USD XCCY,TEMP_REPLACE_ME - 2Y,,1,,0.066031
ir/xccy,TEMP_REPLACE_ME - GBP/USD XCCY,TEMP_REPLACE_ME - 5Y,,2,,0.054199
ir/xccy,TEMP_REPLACE_ME - GBP/USD XCCY,TEMP_REPLACE_ME - 10Y,,3,,0.038842
ir/xccy,TEMP_REPLACE_ME - USD/JPY XCCY,TEMP_REPLACE_ME - 1Y,,0,,0.034536
ir/xccy,TEMP_REPLACE_ME - USD/JPY XCCY,TEMP_REPLACE_ME - 2Y,,1,,0.019671
ir/xccy,TEMP_REPLACE_ME - USD/JPY XCCY,TEMP_REPLACE_ME - 5Y,,2,,0.031723
ir/xccy,TEMP_REPLACE_ME - USD/JPY XCCY,TEMP_REPLACE_ME - 10Y,,3,,0.076638
ir/xccyvega,TEMP_REPLACE_ME - EUR/USD XCCY Vol,TEMP_REPLACE_ME - 1Y,TEMP_REPLACE_ME - 3M,0,0,0.343121
ir/xccyvega,TEMP_REPLACE_ME - EUR/USD XCCY Vol,TEMP_REPLACE_ME - 1Y,TEMP_REPLACE_ME - 6M,0,1,0.16475
ir/xccyvega,TEMP_REPLACE_ME - EUR/USD XCCY Vol,TEMP_REPLACE_ME - 1Y,TEMP_REPLACE_ME - 1Y,0,2,0.139112
ir/xccyvega,TEMP_REPLACE_ME - EUR/USD XCCY Vol,TEMP_REPLACE_ME - 1Y,TEMP_REPLACE_ME - 2Y,0,3,0.213074
ir/xccyvega,TEMP_REPLACE_ME - EUR/USD XCCY Vol,TEMP_REPLACE_ME - 3Y,TEMP_REPLACE_ME - 3M,1,0,0.113303
ir/xccyvega,TEMP_REPLACE_ME - EUR/USD XCCY Vol,TEMP_REPLACE_ME - 3Y,TEMP_REPLACE_ME - 6M,1,1,0.193211
ir/xccyvega,TEMP_REPLACE_ME - EUR/USD XCCY Vol,TEMP_REPLACE_ME - 3Y,TEMP_REPLACE_ME - 1Y,1,2,0.068477
ir/xccyvega,TEMP_REPLACE_ME - EUR/USD XCCY Vol,TEMP_REPLACE_ME - 3Y,TEMP_REPLACE_ME - 2Y,1,3,0.233771
ir/xccyvega,TEMP_REPLACE_ME - EUR/USD XCCY Vol,TEMP_REPLACE_ME - 5Y,TEMP_REPLACE_ME - 3M,2,0,0.076469
ir/xccyvega,TEMP_REPLACE_ME - EUR/USD XCCY Vol,TEMP_REPLACE_ME - 5Y,TEMP_REPLACE_ME - 6M,2,1,0.170786
ir/xccyvega,TEMP_REPLACE_ME - EUR/USD XCCY Vol,TEMP_REPLACE_ME - 5Y,TEMP_REPLACE_ME - 1Y,2,2,0.137129
ir/xccyvega,TEMP_REPLACE_ME - EUR/USD XCCY Vol,TEMP_REPLACE_ME - 5Y,TEMP_REPLACE_ME - 2Y,2,3,0.343715
ir/xccyvega,TEMP_REPLACE_ME - EUR/USD XCCY Vol,TEMP_REPLACE_ME - 10Y,TEMP_REPLACE_ME - 3M,3,0,0.196148
ir/xccyvega,TEMP_REPLACE_ME - EUR/USD XCCY Vol,TEMP_REPLACE_ME - 10Y,TEMP_REPLACE_ME - 6M,3,1,0.232889
ir/xccyvega,TEMP_REPLACE_ME - EUR/USD XCCY Vol,TEMP_REPLACE_ME - 10Y,TEMP_REPLACE_ME - 1Y,3,2,0.177632
ir/xccyvega,TEMP_REPLACE_ME - EUR/USD XCCY Vol,TEMP_REPLACE_ME - 10Y,TEMP_REPLACE_ME - 2Y,3,3,0.214724
ir/xccyvega,TEMP_REPLACE_ME - EUR/USD XCCY Vol,TEMP_REPLACE_ME - 30Y,TEMP_REPLACE_ME - 3M,4,0,0.217247
ir/xccyvega,TEMP_REPLACE_ME - EUR/USD XCCY Vol,TEMP_REPLACE_ME - 30Y,TEMP_REPLACE_ME - 6M,4,1,0.216458
ir/xccyvega,TEMP_REPLACE_ME - EUR/USD XCCY Vol,TEMP_REPLACE_ME - 30Y,TEMP_REPLACE_ME - 1Y,4,2,0.065888
ir/xccyvega,TEMP_REPLACE_ME - EUR/USD XCCY Vol,TEMP_REPLACE_ME - 30Y,TEMP_REPLACE_ME - 2Y,4,3,0.228725
ir/xccyvega,TEMP_REPLACE_ME - GBP/USD XCCY Vol,TEMP_REPLACE_ME - 1Y,TEMP_REPLACE_ME - 3M,0,0,0.233411
ir/xccyvega,TEMP_REPLACE_ME - GBP/USD XCCY Vol,TEMP_REPLACE_ME - 1Y,TEMP_REPLACE_ME - 6M,0,1,0.088226
ir/xccyvega,TEMP_REPLACE_ME - GBP/USD XCCY Vol,TEMP_REPLACE_ME - 1Y,TEMP_REPLACE_ME - 1Y,0,2,0.323714
ir/xccyvega,TEMP_REPLACE_ME - GBP/USD XCCY Vol,TEMP_REPLACE_ME - 1Y,TEMP_REPLACE_ME - 2Y,0,3,0.238643
ir/xccyvega,TEMP_REPLACE_ME - GBP/USD XCCY Vol,TEMP_REPLACE_ME - 3Y,TEMP_REPLACE_ME - 3M,1,0,0.182645
ir/xccyvega,TEMP_REPLACE_ME - GBP/USD XCCY Vol,TEMP_REPLACE_ME - 3Y,TEMP_REPLACE_ME - 6M,1,1,0.250994
ir/xccyvega,TEMP_REPLACE_ME - GBP/USD XCCY Vol,TEMP_REPLACE_ME - 3Y,TEMP_REPLACE_ME - 1Y,1,2,0.140978
ir/xccyvega,TEMP_REPLACE_ME - GBP/USD XCCY Vol,TEMP_REPLACE_ME - 3Y,TEMP_REPLACE_ME - 2Y,1,3,0.203501
ir/xccyvega,TEMP_REPLACE_ME - GBP/USD XCCY Vol,TEMP_REPLACE_ME - 5Y,TEMP_REPLACE_ME - 3M,2,0,0.119597
ir/xccyvega,TEMP_REPLACE_ME - GBP/USD XCCY Vol,TEMP_REPLACE_ME - 5Y,TEMP_REPLACE_ME - 6M,2,1,0.20825
ir/xccyvega,TEMP_REPLACE_ME - GBP/USD XCCY Vol,TEMP_REPLACE_ME - 5Y,TEMP_REPLACE_ME - 1Y,2,2,0.326549
ir/xccyvega,TEMP_REPLACE_ME - GBP/USD XCCY Vol,TEMP_REPLACE_ME - 5Y,TEMP_REPLACE_ME - 2Y,2,3,0.111764
ir/xccyvega,TEMP_REPLACE_ME - GBP/USD XCCY Vol,TEMP_REPLACE_ME - 10Y,TEMP_REPLACE_ME - 3M,3,0,0.214652
ir/xccyvega,TEMP_REPLACE_ME - GBP/USD XCCY Vol,TEMP_REPLACE_ME - 10Y,TEMP_REPLACE_ME - 6M,3,1,0.290723
ir/xccyvega,TEMP_REPLACE_ME - GBP/USD XCCY Vol,TEMP_REPLACE_ME - 10Y,TEMP_REPLACE_ME - 1Y,3,2,0.321464
ir/xccyvega,TEMP_REPLACE_ME - GBP/USD XCCY Vol,TEMP_REPLACE_ME - 10Y,TEMP_REPLACE_ME - 2Y,3,3,0.098318
ir/xccyvega,TEMP_REPLACE_ME - GBP/USD XCCY Vol,TEMP_REPLACE_ME - 30Y,TEMP_REPLACE_ME - 3M,4,0,0.228602
ir/xccyvega,TEMP_REPLACE_ME - GBP/USD XCCY Vol,TEMP_REPLACE_ME - 30Y,TEMP_REPLACE_ME - 6M,4,1,0.287474
ir/xccyvega,TEMP_REPLACE_ME - GBP/USD XCCY Vol,TEMP_REPLACE_ME - 30Y,TEMP_REPLACE_ME - 1Y,4,2,0.170006
ir/xccyvega,TEMP_REPLACE_ME - GBP/USD XCCY Vol,TEMP_REPLACE_ME - 30Y,TEMP_REPLACE_ME - 2Y,4,3,0.203429
ir/xccyvega,TEMP_REPLACE_ME - USD/JPY XCCY Vol,TEMP_REPLACE_ME - 1Y,TEMP_REPLACE_ME - 3M,0,0,0.157616
ir/xccyvega,TEMP_REPLACE_ME - USD/JPY XCCY Vol,TEMP_REPLACE_ME - 1Y,TEMP_REPLACE_ME - 6M,0,1,0.222725
ir/xccyvega,TEMP_REPLACE_ME - USD/JPY XCCY Vol,TEMP_REPLACE_ME - 1Y,TEMP_REPLACE_ME - 1Y,0,2,0.179945
ir/xccyvega,TEMP_REPLACE_ME - USD/JPY XCCY Vol,TEMP_REPLACE_ME - 1Y,TEMP_REPLACE_ME - 2Y,0,3,0.343775
ir/xccyvega,TEMP_REPLACE_ME - USD/JPY XCCY Vol,TEMP_REPLACE_ME - 3Y,TEMP_REPLACE_ME - 3M,1,0,0.334997
ir/xccyvega,TEMP_REPLACE_ME - USD/JPY XCCY Vol,TEMP_REPLACE_ME - 3Y,TEMP_REPLACE_ME - 6M,1,1,0.094526
ir/xccyvega,TEMP_REPLACE_ME - USD/JPY XCCY Vol,TEMP_REPLACE_ME - 3Y,TEMP_REPLACE_ME - 1Y,1,2,0.285926
ir/xccyvega,TEMP_REPLACE_ME - USD/JPY XCCY Vol,TEMP_REPLACE_ME - 3Y,TEMP_REPLACE_ME - 2Y,1,3,0.24089
ir/xccyvega,TEMP_REPLACE_ME - USD/JPY XCCY Vol,TEMP_REPLACE_ME - 5Y,TEMP_REPLACE_ME - 3M,2,0,0.283454
ir/xccyvega,TEMP_REPLACE_ME - USD/JPY XCCY Vol,TEMP_REPLACE_ME - 5Y,TEMP_REPLACE_ME - 6M,2,1,0.108848
ir/xccyvega,TEMP_REPLACE_ME - USD/JPY XCCY Vol,TEMP_REPLACE_ME - 5Y,TEMP_REPLACE_ME - 1Y,2,2,0.167069
ir/xccyvega,TEMP_REPLACE_ME - USD/JPY XCCY Vol,TEMP_REPLACE_ME - 5Y,TEMP_REPLACE_ME - 2Y,2,3,0.231278
ir/xccyvega,TEMP_REPLACE_ME - USD/JPY XCCY Vol,TEMP_REPLACE_ME - 10Y,TEMP_REPLACE_ME - 3M,3,0,0.142748
ir/xccyvega,TEMP_REPLACE_ME - USD/JPY XCCY Vol,TEMP_REPLACE_ME - 10Y,TEMP_REPLACE_ME - 6M,3,1,0.279293
ir/xccyvega,TEMP_REPLACE_ME - USD/JPY XCCY Vol,TEMP_REPLACE_ME - 10Y,TEMP_REPLACE_ME - 1Y,3,2,0.065228
ir/xccyvega,TEMP_REPLACE_ME - USD/JPY XCCY Vol,TEMP_REPLACE_ME - 10Y,TEMP_REPLACE_ME - 2Y,3,3,0.094805
ir/xccyvega,TEMP_REPLACE_ME - USD/JPY XCCY Vol,TEMP_REPLACE_ME - 30Y,TEMP_REPLACE_ME - 3M,4,0,0.170372
ir/xccyvega,TEMP_REPLACE_ME - USD/JPY XCCY Vol,TEMP_REPLACE_ME - 30Y,TEMP_REPLACE_ME - 6M,4,1,0.121658
ir/xccyvega,TEMP_REPLACE_ME - USD/JPY XCCY Vol,TEMP_REPLACE_ME - 30Y,TEMP_REPLACE_ME - 1Y,4,2,0.061511
ir/xccyvega,TEMP_REPLACE_ME - USD/JPY XCCY Vol,TEMP_REPLACE_ME - 30Y,TEMP_REPLACE_ME - 2Y,4,3,0.281222
ir/inflation,TEMP_REPLACE_ME - US CPI,TEMP_REPLACE_ME - 2Y,,0,,0.075887
ir/inflation,TEMP_REPLACE_ME - US CPI,TEMP_REPLACE_ME - 5Y,,1,,0.012275
ir/inflation,TEMP_REPLACE_ME - US CPI,TEMP_REPLACE_ME - 10Y,,2,,0.035931
ir/inflation,TEMP_REPLACE_ME - US CPI,TEMP_REPLACE_ME - 20Y,,3,,0.034994
ir/inflation,TEMP_REPLACE_ME - US CPI,TEMP_REPLACE_ME - 30Y,,4,,0.066289
ir/inflation,TEMP_REPLACE_ME - EU HICP,TEMP_REPLACE_ME - 2Y,,0,,0.035327
ir/inflation,TEMP_REPLACE_ME - EU HICP,TEMP_REPLACE_ME - 5Y,,1,,0.067397
ir/inflation,TEMP_REPLACE_ME - EU HICP,TEMP_REPLACE_ME - 10Y,,2,,0.024862
ir/inflation,TEMP_REPLACE_ME - EU HICP,TEMP_REPLACE_ME - 20Y,,3,,0.060212
ir/inflation,TEMP_REPLACE_ME - EU HICP,TEMP_REPLACE_ME - 30Y,,4,,0.028404
ir/inflation,TEMP_REPLACE_ME - UK RPI,TEMP_REPLACE_ME - 2Y,,0,,0.079208
ir/inflation,TEMP_REPLACE_ME - UK RPI,TEMP_REPLACE_ME - 5Y,,1,,0.034109
ir/inflation,TEMP_REPLACE_ME - UK RPI,TEMP_REPLACE_ME - 10Y,,2,,0.033819
ir/inflation,TEMP_REPLACE_ME - UK RPI,TEMP_REPLACE_ME - 20Y,,3,,0.011287
ir/inflation,TEMP_REPLACE_ME - UK RPI,TEMP_REPLACE_ME - 30Y,,4,,0.009769
ir/inflationvega,TEMP_REPLACE_ME - US CPI Vol,TEMP_REPLACE_ME - 2Y,TEMP_REPLACE_ME - 6M,0,0,0.23804
ir/inflationvega,TEMP_REPLACE_ME - US CPI Vol,TEMP_REPLACE_ME - 2Y,TEMP_REPLACE_ME - 1Y,0,1,0.258905
ir/inflationvega,TEMP_REPLACE_ME - US CPI Vol,TEMP_REPLACE_ME - 2Y,TEMP_REPLACE_ME - 2Y,0,2,0.149204
ir/inflationvega,TEMP_REPLACE_ME - US CPI Vol,TEMP_REPLACE_ME - 5Y,TEMP_REPLACE_ME - 6M,1,0,0.176171
ir/inflationvega,TEMP_REPLACE_ME - US CPI Vol,TEMP_REPLACE_ME - 5Y,TEMP_REPLACE_ME - 1Y,1,1,0.239411
ir/inflationvega,TEMP_REPLACE_ME - US CPI Vol,TEMP_REPLACE_ME - 5Y,TEMP_REPLACE_ME - 2Y,1,2,0.161834
ir/inflationvega,TEMP_REPLACE_ME - US CPI Vol,TEMP_REPLACE_ME - 10Y,TEMP_REPLACE_ME - 6M,2,0,0.33554
ir/inflationvega,TEMP_REPLACE_ME - US CPI Vol,TEMP_REPLACE_ME - 10Y,TEMP_REPLACE_ME - 1Y,2,1,0.174218
ir/inflationvega,TEMP_REPLACE_ME - US CPI Vol,TEMP_REPLACE_ME - 10Y,TEMP_REPLACE_ME - 2Y,2,2,0.052685
ir/inflationvega,TEMP_REPLACE_ME - US CPI Vol,TEMP_REPLACE_ME - 20Y,TEMP_REPLACE_ME - 6M,3,0,0.342215
ir/inflationvega,TEMP_REPLACE_ME - US CPI Vol,TEMP_REPLACE_ME - 20Y,TEMP_REPLACE_ME - 1Y,3,1,0.084707
ir/inflationvega,TEMP_REPLACE_ME - US CPI Vol,TEMP_REPLACE_ME - 20Y,TEMP_REPLACE_ME - 2Y,3,2,0.074309
ir/inflationvega,TEMP_REPLACE_ME - US CPI Vol,TEMP_REPLACE_ME - 30Y,TEMP_REPLACE_ME - 6M,4,0,0.331214
ir/inflationvega,TEMP_REPLACE_ME - US CPI Vol,TEMP_REPLACE_ME - 30Y,TEMP_REPLACE_ME - 1Y,4,1,0.24734
ir/inflationvega,TEMP_REPLACE_ME - US CPI Vol,TEMP_REPLACE_ME - 30Y,TEMP_REPLACE_ME - 2Y,4,2,0.166292
ir/inflationvega,TEMP_REPLACE_ME - EU HICP Vol,TEMP_REPLACE_ME - 2Y,TEMP_REPLACE_ME - 6M,0,0,0.334226
ir/inflationvega,TEMP_REPLACE_ME - EU HICP Vol,TEMP_REPLACE_ME - 2Y,TEMP_REPLACE_ME - 1Y,0,1,0.101528
ir/inflationvega,TEMP_REPLACE_ME - EU HICP Vol,TEMP_REPLACE_ME - 2Y,TEMP_REPLACE_ME - 2Y,0,2,0.323924
ir/inflationvega,TEMP_REPLACE_ME - EU HICP Vol,TEMP_REPLACE_ME - 5Y,TEMP_REPLACE_ME - 6M,1,0,0.322148
ir/inflationvega,TEMP_REPLACE_ME - EU HICP Vol,TEMP_REPLACE_ME - 5Y,TEMP_REPLACE_ME - 1Y,1,1,0.130967
ir/inflationvega,TEMP_REPLACE_ME - EU HICP Vol,TEMP_REPLACE_ME - 5Y,TEMP_REPLACE_ME - 2Y,1,2,0.292286
ir/inflationvega,TEMP_REPLACE_ME - EU HICP Vol,TEMP_REPLACE_ME - 10Y,TEMP_REPLACE_ME - 6M,2,0,0.10214
ir/inflationvega,TEMP_REPLACE_ME - EU HICP Vol,TEMP_REPLACE_ME - 10Y,TEMP_REPLACE_ME - 1Y,2,1,0.163181
ir/inflationvega,TEMP_REPLACE_ME - EU HICP Vol,TEMP_REPLACE_ME - 10Y,TEMP_REPLACE_ME - 2Y,2,2,0.252269
ir/inflationvega,TEMP_REPLACE_ME - EU HICP Vol,TEMP_REPLACE_ME - 20Y,TEMP_REPLACE_ME - 6M,3,0,0.270476
ir/inflationvega,TEMP_REPLACE_ME - EU HICP Vol,TEMP_REPLACE_ME - 20Y,TEMP_REPLACE_ME - 1Y,3,1,0.061778
ir/inflationvega,TEMP_REPLACE_ME - EU HICP Vol,TEMP_REPLACE_ME - 20Y,TEMP_REPLACE_ME - 2Y,3,2,0.168317
ir/inflationvega,TEMP_REPLACE_ME - EU HICP Vol,TEMP_REPLACE_ME - 30Y,TEMP_REPLACE_ME - 6M,4,0,0.286043
ir/inflationvega,TEMP_REPLACE_ME - EU HICP Vol,TEMP_REPLACE_ME - 30Y,TEMP_REPLACE_ME - 1Y,4,1,0.168911
ir/inflationvega,TEMP_REPLACE_ME - EU HICP Vol,TEMP_REPLACE_ME - 30Y,TEMP_REPLACE_ME - 2Y,4,2,0.113669
ir/inflationvega,TEMP_REPLACE_ME - UK RPI Vol,TEMP_REPLACE_ME - 2Y,TEMP_REPLACE_ME - 6M,0,0,0.301571
ir/inflationvega,TEMP_REPLACE_ME - UK RPI Vol,TEMP_REPLACE_ME - 2Y,TEMP_REPLACE_ME - 1Y,0,1,0.089678
ir/inflationvega,TEMP_REPLACE_ME - UK RPI Vol,TEMP_REPLACE_ME - 2Y,TEMP_REPLACE_ME - 2Y,0,2,0.100061
ir/inflationvega,TEMP_REPLACE_ME - UK RPI Vol,TEMP_REPLACE_ME - 5Y,TEMP_REPLACE_ME - 6M,1,0,0.193301
ir/inflationvega,TEMP_REPLACE_ME - UK RPI Vol,TEMP_REPLACE_ME - 5Y,TEMP_REPLACE_ME - 1Y,1,1,0.228782
ir/inflationvega,TEMP_REPLACE_ME - UK RPI Vol,TEMP_REPLACE_ME - 5Y,TEMP_REPLACE_ME - 2Y,1,2,0.289958
ir/inflationvega,TEMP_REPLACE_ME - UK RPI Vol,TEMP_REPLACE_ME - 10Y,TEMP_REPLACE_ME - 6M,2,0,0.34382
ir/inflationvega,TEMP_REPLACE_ME - UK RPI Vol,TEMP_REPLACE_ME - 10Y,TEMP_REPLACE_ME - 1Y,2,1,0.349001
ir/inflationvega,TEMP_REPLACE_ME - UK RPI Vol,TEMP_REPLACE_ME - 10Y,TEMP_REPLACE_ME - 2Y,2,2,0.091364
ir/inflationvega,TEMP_REPLACE_ME - UK RPI Vol,TEMP_REPLACE_ME - 20Y,TEMP_REPLACE_ME - 6M,3,0,0.283376
ir/inflationvega,TEMP_REPLACE_ME - UK RPI Vol,TEMP_REPLACE_ME - 20Y,TEMP_REPLACE_ME - 1Y,3,1,0.237068
ir/inflationvega,TEMP_REPLACE_ME - UK RPI Vol,TEMP_REPLACE_ME - 20Y,TEMP_REPLACE_ME - 2Y,3,2,0.105035
ir/inflationvega,TEMP_REPLACE_ME - UK RPI Vol,TEMP_REPLACE_ME - 30Y,TEMP_REPLACE_ME - 6M,4,0,0.345068
ir/inflationvega,TEMP_REPLACE_ME - UK RPI Vol,TEMP_REPLACE_ME - 30Y,TEMP_REPLACE_ME - 1Y,4,1,0.20279
ir/inflationvega,TEMP_REPLACE_ME - UK RPI Vol,TEMP_REPLACE_ME - 30Y,TEMP_REPLACE_ME - 2Y,4,2,0.304424
ir/basis,TEMP_REPLACE_ME - USD 3M/6M,TEMP_REPLACE_ME - 3M,,0,,0.036898
ir/basis,TEMP_REPLACE_ME - USD 3M/6M,TEMP_REPLACE_ME - 6M,,1,,0.046378
ir/basis,TEMP_REPLACE_ME - USD 3M/6M,TEMP_REPLACE_ME - 1Y,,2,,0.023474
ir/basis,TEMP_REPLACE_ME - USD 3M/6M,TEMP_REPLACE_ME - 2Y,,3,,0.00885
ir/basis,TEMP_REPLACE_ME - USD 3M/6M,TEMP_REPLACE_ME - 5Y,,4,,0.040055
ir/basis,TEMP_REPLACE_ME - EUR 3M/6M,TEMP_REPLACE_ME - 3M,,0,,0.044811
ir/basis,TEMP_REPLACE_ME - EUR 3M/6M,TEMP_REPLACE_ME - 6M,,1,,0.019199
ir/basis,TEMP_REPLACE_ME - EUR 3M/6M,TEMP_REPLACE_ME - 1Y,,2,,0.073533
ir/basis,TEMP_REPLACE_ME - EUR 3M/6M,TEMP_REPLACE_ME - 2Y,,3,,0.029087
ir/basis,TEMP_REPLACE_ME - EUR 3M/6M,TEMP_REPLACE_ME - 5Y,,4,,0.046746
ir/basis,TEMP_REPLACE_ME - GBP 3M/6M,TEMP_REPLACE_ME - 3M,,0,,0.039735
ir/basis,TEMP_REPLACE_ME - GBP 3M/6M,TEMP_REPLACE_ME - 6M,,1,,0.056537
ir/basis,TEMP_REPLACE_ME - GBP 3M/6M,TEMP_REPLACE_ME - 1Y,,2,,0.052458
ir/basis,TEMP_REPLACE_ME - GBP 3M/6M,TEMP_REPLACE_ME - 2Y,,3,,0.046115
ir/basis,TEMP_REPLACE_ME - GBP 3M/6M,TEMP_REPLACE_ME - 5Y,,4,,0.025267
ir/bond,TEMP_REPLACE_ME - UST,TEMP_REPLACE_ME - 2Y,,0,,0.054072
ir/bond,TEMP_REPLACE_ME - UST,TEMP_REPLACE_ME - 5Y,,1,,0.066007
ir/bond,TEMP_REPLACE_ME - UST,TEMP_REPLACE_ME - 10Y,,2,,0.061079
ir/bond,TEMP_REPLACE_ME - UST,TEMP_REPLACE_ME - 30Y,,3,,0.024537
ir/bond,TEMP_REPLACE_ME - Bund,TEMP_REPLACE_ME - 2Y,,0,,0.054385
ir/bond,TEMP_REPLACE_ME - Bund,TEMP_REPLACE_ME - 5Y,,1,,0.02122
ir/bond,TEMP_REPLACE_ME - Bund,TEMP_REPLACE_ME - 10Y,,2,,0.008744
ir/bond,TEMP_REPLACE_ME - Bund,TEMP_REPLACE_ME - 30Y,,3,,0.009218
ir/bond,TEMP_REPLACE_ME - Gilt,TEMP_REPLACE_ME - 2Y,,0,,0.02226
ir/bond,TEMP_REPLACE_ME - Gilt,TEMP_REPLACE_ME - 5Y,,1,,0.03993
ir/bond,TEMP_REPLACE_ME - Gilt,TEMP_REPLACE_ME - 10Y,,2,,0.036885
ir/bond,TEMP_REPLACE_ME - Gilt,TEMP_REPLACE_ME - 30Y,,3,,0.063779
credit/delta,TEMP_REPLACE_ME - CDX IG,TEMP_REPLACE_ME - 1Y,,0,,237.856
credit/delta,TEMP_REPLACE_ME - CDX IG,TEMP_REPLACE_ME - 3Y,,1,,219.96
credit/delta,TEMP_REPLACE_ME - CDX IG,TEMP_REPLACE_ME - 5Y,,2,,55.52
credit/delta,TEMP_REPLACE_ME - CDX IG,TEMP_REPLACE_ME - 7Y,,3,,257.72
credit/delta,TEMP_REPLACE_ME - CDX IG,TEMP_REPLACE_ME - 10Y,,4,,435
credit/delta,TEMP_REPLACE_ME - iTraxx Main,TEMP_REPLACE_ME - 1Y,,0,,194.492
credit/delta,TEMP_REPLACE_ME - iTraxx Main,TEMP_REPLACE_ME - 3Y,,1,,41.148
credit/delta,TEMP_REPLACE_ME - iTraxx Main,TEMP_REPLACE_ME - 5Y,,2,,323.5
credit/delta,TEMP_REPLACE_ME - iTraxx Main,TEMP_REPLACE_ME - 7Y,,3,,335.276
credit/delta,TEMP_REPLACE_ME - iTraxx Main,TEMP_REPLACE_ME - 10Y,,4,,375.028
credit/delta,TEMP_REPLACE_ME - Ford CDS,TEMP_REPLACE_ME - 1Y,,0,,97.688
credit/delta,TEMP_REPLACE_ME - Ford CDS,TEMP_REPLACE_ME - 3Y,,1,,253.128
credit/delta,TEMP_REPLACE_ME - Ford CDS,TEMP_REPLACE_ME - 5Y,,2,,413.988
credit/delta,TEMP_REPLACE_ME - Ford CDS,TEMP_REPLACE_ME - 7Y,,3,,345.34
credit/delta,TEMP_REPLACE_ME - Ford CDS,TEMP_REPLACE_ME - 10Y,,4,,356.14
credit/vega,TEMP_REPLACE_ME - CDX IG Vol,TEMP_REPLACE_ME - 1M,,0,,413.336
credit/vega,TEMP_REPLACE_ME - CDX IG Vol,TEMP_REPLACE_ME - 3M,,1,,336.696
credit/vega,TEMP_REPLACE_ME - CDX IG Vol,TEMP_REPLACE_ME - 6M,,2,,133.544
credit/vega,TEMP_REPLACE_ME - CDX IG Vol,TEMP_REPLACE_ME - 1Y,,3,,152.588
credit/vega,TEMP_REPLACE_ME - iTraxx Main Vol,TEMP_REPLACE_ME - 1M,,0,,243.336
credit/vega,TEMP_REPLACE_ME - iTraxx Main Vol,TEMP_REPLACE_ME - 3M,,1,,315.344
credit/vega,TEMP_REPLACE_ME - iTraxx Main Vol,TEMP_REPLACE_ME - 6M,,2,,384.456
credit/vega,TEMP_REPLACE_ME - iTraxx Main Vol,TEMP_REPLACE_ME - 1Y,,3,,364.356
credit/vega,TEMP_REPLACE_ME - Ford CDS Vol,TEMP_REPLACE_ME - 1M,,0,,185.684
credit/vega,TEMP_REPLACE_ME - Ford CDS Vol,TEMP_REPLACE_ME - 3M,,1,,317.892
credit/vega,TEMP_REPLACE_ME - Ford CDS Vol,TEMP_REPLACE_ME - 6M,,2,,333.416
credit/vega,TEMP_REPLACE_ME - Ford CDS Vol,TEMP_REPLACE_ME - 1Y,,3,,48.192
commo/delta,TEMP_REPLACE_ME - Brent,TEMP_REPLACE_ME - 1M,,0,,80.46625
commo/delta,TEMP_REPLACE_ME - Brent,TEMP_REPLACE_ME - 3M,,1,,66.97875
commo/delta,TEMP_REPLACE_ME - Brent,TEMP_REPLACE_ME - 6M,,2,,141.49875
commo/delta,TEMP_REPLACE_ME - Brent,TEMP_REPLACE_ME - 1Y,,3,,93.1875
commo/delta,TEMP_REPLACE_ME - Gold,TEMP_REPLACE_ME - 1M,,0,,31.5675
commo/delta,TEMP_REPLACE_ME - Gold,TEMP_REPLACE_ME - 3M,,1,,107.89625
commo/delta,TEMP_REPLACE_ME - Gold,TEMP_REPLACE_ME - 6M,,2,,67.45625
commo/delta,TEMP_REPLACE_ME - Gold,TEMP_REPLACE_ME - 1Y,,3,,104.7975
commo/delta,TEMP_REPLACE_ME - TTF Gas,TEMP_REPLACE_ME - 1M,,0,,121.1325
commo/delta,TEMP_REPLACE_ME - TTF Gas,TEMP_REPLACE_ME - 3M,,1,,57.04875
commo/delta,TEMP_REPLACE_ME - TTF Gas,TEMP_REPLACE_ME - 6M,,2,,124.4525
commo/delta,TEMP_REPLACE_ME - TTF Gas,TEMP_REPLACE_ME - 1Y,,3,,34.0525
commo/vega,TEMP_REPLACE_ME - Brent Vol,TEMP_REPLACE_ME - 1M,,0,,0.196001
commo/vega,TEMP_REPLACE_ME - Brent Vol,TEMP_REPLACE_ME - 3M,,1,,0.113873
commo/vega,TEMP_REPLACE_ME - Brent Vol,TEMP_REPLACE_ME - 6M,,2,,0.150038
commo/vega,TEMP_REPLACE_ME - Brent Vol,TEMP_REPLACE_ME - 1Y,,3,,0.056717
commo/vega,TEMP_REPLACE_ME - Gold Vol,TEMP_REPLACE_ME - 1M,,0,,0.122216
commo/vega,TEMP_REPLACE_ME - Gold Vol,TEMP_REPLACE_ME - 3M,,1,,0.275642
commo/vega,TEMP_REPLACE_ME - Gold Vol,TEMP_REPLACE_ME - 6M,,2,,0.248165
commo/vega,TEMP_REPLACE_ME - Gold Vol,TEMP_REPLACE_ME - 1Y,,3,,0.0689
commo/vega,TEMP_REPLACE_ME - TTF Gas Vol,TEMP_REPLACE_ME - 1M,,0,,0.19232
commo/vega,TEMP_REPLACE_ME - TTF Gas Vol,TEMP_REPLACE_ME - 3M,,1,,0.324167
commo/vega,TEMP_REPLACE_ME - TTF Gas Vol,TEMP_REPLACE_ME - 6M,,2,,0.340151
commo/vega,TEMP_REPLACE_ME - TTF Gas Vol,TEMP_REPLACE_ME - 1Y,,3,,0.283505
