Portfolio,Product,Activity,SignoffGroup,Category
FAKE_REPLACE_ME - BOOK_A,XVA,FAKE_REPLACE_ME - Activity 1,FAKE_REPLACE_ME - SOG_ALPHA,FAKE_REPLACE_ME - Core
FAKE_REPLACE_ME - BOOK_B,XVA,FAKE_REPLACE_ME - Activity 1,FAKE_REPLACE_ME - SOG_ALPHA,FAKE_REPLACE_ME - Core
FAKE_REPLACE_ME - BOOK_C,XVA,FAKE_REPLACE_ME - Activity 2,FAKE_REPLACE_ME - SOG_BETA,FAKE_REPLACE_ME - Flow
FAKE_REPLACE_ME - BOOK_D,Hedges,FAKE_REPLACE_ME - Activity 3,FAKE_REPLACE_ME - SOG_BETA,FAKE_REPLACE_ME - Hedge
FAKE_REPLACE_ME - BOOK_E,Hedges,FAKE_REPLACE_ME - Activity 3,FAKE_REPLACE_ME - SOG_GAMMA,FAKE_REPLACE_ME - Hedge
FAKE_REPLACE_ME - BOOK-0001 · TRADER-001,XVA,FAKE_REPLACE_ME - Activity 1,FAKE_REPLACE_ME - SOG-001,FAKE_REPLACE_ME - Business 01
FAKE_REPLACE_ME - BOOK-0002 · TRADER-001,Hedges,FAKE_REPLACE_ME - Activity 1,FAKE_REPLACE_ME - SOG-001,FAKE_REPLACE_ME - Business 01
FAKE_REPLACE_ME - BOOK-0003 · TRADER-002,XVA,FAKE_REPLACE_ME - Activity 2,FAKE_REPLACE_ME - SOG-002,FAKE_REPLACE_ME - Business 02
FAKE_REPLACE_ME - BOOK-0004 · TRADER-002,Hedges,FAKE_REPLACE_ME - Activity 2,FAKE_REPLACE_ME - SOG-002,FAKE_REPLACE_ME - Business 02
FAKE_REPLACE_ME - BOOK-0005 · TRADER-003,XVA,FAKE_REPLACE_ME - Activity 3,FAKE_REPLACE_ME - SOG-003,FAKE_REPLACE_ME - Business 03
FAKE_REPLACE_ME - BOOK-0006 · TRADER-003,Hedges,FAKE_REPLACE_ME - Activity 3,FAKE_REPLACE_ME - SOG-003,FAKE_REPLACE_ME - Business 03
FAKE_REPLACE_ME - BOOK-0007 · TRADER-004,XVA,FAKE_REPLACE_ME - Activity 4,FAKE_REPLACE_ME - SOG-004,FAKE_REPLACE_ME - Business 04
FAKE_REPLACE_ME - BOOK-0008 · TRADER-004,Hedges,FAKE_REPLACE_ME - Activity 4,FAKE_REPLACE_ME - SOG-004,FAKE_REPLACE_ME - Business 04
FAKE_REPLACE_ME - BOOK-0009 · TRADER-005,XVA,FAKE_REPLACE_ME - Activity 5,FAKE_REPLACE_ME - SOG-005,FAKE_REPLACE_ME - Business 05
FAKE_REPLACE_ME - BOOK-0010 · TRADER-005,Hedges,FAKE_REPLACE_ME - Activity 5,FAKE_REPLACE_ME - SOG-005,FAKE_REPLACE_ME - Business 05
FAKE_REPLACE_ME - BOOK-0011 · TRADER-006,XVA,FAKE_REPLACE_ME - Activity 6,FAKE_REPLACE_ME - SOG-006,FAKE_REPLACE_ME - Business 06
FAKE_REPLACE_ME - BOOK-0012 · TRADER-006,Hedges,FAKE_REPLACE_ME - Activity 6,FAKE_REPLACE_ME - SOG-006,FAKE_REPLACE_ME - Business 06
FAKE_REPLACE_ME - BOOK-0013 · TRADER-007,XVA,FAKE_REPLACE_ME - Activity 7,FAKE_REPLACE_ME - SOG-007,FAKE_REPLACE_ME - Business 07
FAKE_REPLACE_ME - BOOK-0014 · TRADER-007,Hedges,FAKE_REPLACE_ME - Activity 7,FAKE_REPLACE_ME - SOG-007,FAKE_REPLACE_ME - Business 07
FAKE_REPLACE_ME - BOOK-0015 · TRADER-008,XVA,FAKE_REPLACE_ME - Activity 8,FAKE_REPLACE_ME - SOG-008,FAKE_REPLACE_ME - Business 08
FAKE_REPLACE_ME - BOOK-0016 · TRADER-008,Hedges,FAKE_REPLACE_ME - Activity 8,FAKE_REPLACE_ME - SOG-008,FAKE_REPLACE_ME - Business 08
FAKE_REPLACE_ME - BOOK-0017 · TRADER-009,XVA,FAKE_REPLACE_ME - Activity 9,FAKE_REPLACE_ME - SOG-009,FAKE_REPLACE_ME - Business 09
FAKE_REPLACE_ME - BOOK-0018 · TRADER-009,Hedges,FAKE_REPLACE_ME - Activity 9,FAKE_REPLACE_ME - SOG-009,FAKE_REPLACE_ME - Business 09
FAKE_REPLACE_ME - BOOK-0019 · TRADER-010,XVA,FAKE_REPLACE_ME - Activity 10,FAKE_REPLACE_ME - SOG-010,FAKE_REPLACE_ME - Business 10
FAKE_REPLACE_ME - BOOK-0020 · TRADER-010,Hedges,FAKE_REPLACE_ME - Activity 10,FAKE_REPLACE_ME - SOG-010,FAKE_REPLACE_ME - Business 10
FAKE_REPLACE_ME - BOOK-0021 · TRADER-011,XVA,FAKE_REPLACE_ME - Activity 11,FAKE_REPLACE_ME - SOG-011,FAKE_REPLACE_ME - Business 11
FAKE_REPLACE_ME - BOOK-0022 · TRADER-011,Hedges,FAKE_REPLACE_ME - Activity 11,FAKE_REPLACE_ME - SOG-011,FAKE_REPLACE_ME - Business 11
FAKE_REPLACE_ME - BOOK-0023 · TRADER-012,XVA,FAKE_REPLACE_ME - Activity 12,FAKE_REPLACE_ME - SOG-012,FAKE_REPLACE_ME - Business 12
FAKE_REPLACE_ME - BOOK-0024 · TRADER-012,Hedges,FAKE_REPLACE_ME - Activity 12,FAKE_REPLACE_ME - SOG-012,FAKE_REPLACE_ME - Business 12
FAKE_REPLACE_ME - BOOK-0025 · TRADER-013,XVA,FAKE_REPLACE_ME - Activity 13,FAKE_REPLACE_ME - SOG-013,FAKE_REPLACE_ME - Business 13
FAKE_REPLACE_ME - BOOK-0026 · TRADER-013,Hedges,FAKE_REPLACE_ME - Activity 13,FAKE_REPLACE_ME - SOG-013,FAKE_REPLACE_ME - Business 13
FAKE_REPLACE_ME - BOOK-0027 · TRADER-014,XVA,FAKE_REPLACE_ME - Activity 14,FAKE_REPLACE_ME - SOG-014,FAKE_REPLACE_ME - Business 14
FAKE_REPLACE_ME - BOOK-0028 · TRADER-014,Hedges,FAKE_REPLACE_ME - Activity 14,FAKE_REPLACE_ME - SOG-014,FAKE_REPLACE_ME - Business 14
FAKE_REPLACE_ME - BOOK-0029 · TRADER-015,XVA,FAKE_REPLACE_ME - Activity 15,FAKE_REPLACE_ME - SOG-015,FAKE_REPLACE_ME - Business 15
FAKE_REPLACE_ME - BOOK-0030 · TRADER-015,Hedges,FAKE_REPLACE_ME - Activity 15,FAKE_REPLACE_ME - SOG-015,FAKE_REPLACE_ME - Business 15
FAKE_REPLACE_ME - BOOK-0031 · TRADER-016,XVA,FAKE_REPLACE_ME - Activity 16,FAKE_REPLACE_ME - SOG-016,FAKE_REPLACE_ME - Business 16
FAKE_REPLACE_ME - BOOK-0032 · TRADER-016,Hedges,FAKE_REPLACE_ME - Activity 16,FAKE_REPLACE_ME - SOG-016,FAKE_REPLACE_ME - Business 16
FAKE_REPLACE_ME - BOOK-0033 · TRADER-017,XVA,FAKE_REPLACE_ME - Activity 17,FAKE_REPLACE_ME - SOG-017,FAKE_REPLACE_ME - Business 17
FAKE_REPLACE_ME - BOOK-0034 · TRADER-017,Hedges,FAKE_REPLACE_ME - Activity 17,FAKE_REPLACE_ME - SOG-017,FAKE_REPLACE_ME - Business 17
FAKE_REPLACE_ME - BOOK-0035 · TRADER-018,XVA,FAKE_REPLACE_ME - Activity 18,FAKE_REPLACE_ME - SOG-018,FAKE_REPLACE_ME - Business 18
FAKE_REPLACE_ME - BOOK-0036 · TRADER-018,Hedges,FAKE_REPLACE_ME - Activity 18,FAKE_REPLACE_ME - SOG-018,FAKE_REPLACE_ME - Business 18
FAKE_REPLACE_ME - BOOK-0037 · TRADER-019,XVA,FAKE_REPLACE_ME - Activity 19,FAKE_REPLACE_ME - SOG-019,FAKE_REPLACE_ME - Business 01
FAKE_REPLACE_ME - BOOK-0038 · TRADER-019,Hedges,FAKE_REPLACE_ME - Activity 19,FAKE_REPLACE_ME - SOG-019,FAKE_REPLACE_ME - Business 01
FAKE_REPLACE_ME - BOOK-0039 · TRADER-020,XVA,FAKE_REPLACE_ME - Activity 20,FAKE_REPLACE_ME - SOG-020,FAKE_REPLACE_ME - Business 02
FAKE_REPLACE_ME - BOOK-0040 · TRADER-020,Hedges,FAKE_REPLACE_ME - Activity 20,FAKE_REPLACE_ME - SOG-020,FAKE_REPLACE_ME - Business 02
FAKE_REPLACE_ME - BOOK-0041 · TRADER-021,XVA,FAKE_REPLACE_ME - Activity 21,FAKE_REPLACE_ME - SOG-021,FAKE_REPLACE_ME - Business 03
FAKE_REPLACE_ME - BOOK-0042 · TRADER-021,Hedges,FAKE_REPLACE_ME - Activity 21,FAKE_REPLACE_ME - SOG-021,FAKE_REPLACE_ME - Business 03
FAKE_REPLACE_ME - BOOK-0043 · TRADER-022,XVA,FAKE_REPLACE_ME - Activity 22,FAKE_REPLACE_ME - SOG-022,FAKE_REPLACE_ME - Business 04
FAKE_REPLACE_ME - BOOK-0044 · TRADER-022,Hedges,FAKE_REPLACE_ME - Activity 22,FAKE_REPLACE_ME - SOG-022,FAKE_REPLACE_ME - Business 04
FAKE_REPLACE_ME - BOOK-0045 · TRADER-023,XVA,FAKE_REPLACE_ME - Activity 23,FAKE_REPLACE_ME - SOG-023,FAKE_REPLACE_ME - Business 05
FAKE_REPLACE_ME - BOOK-0046 · TRADER-023,Hedges,FAKE_REPLACE_ME - Activity 23,FAKE_REPLACE_ME - SOG-023,FAKE_REPLACE_ME - Business 05
FAKE_REPLACE_ME - BOOK-0047 · TRADER-024,XVA,FAKE_REPLACE_ME - Activity 24,FAKE_REPLACE_ME - SOG-024,FAKE_REPLACE_ME - Business 06
FAKE_REPLACE_ME - BOOK-0048 · TRADER-024,Hedges,FAKE_REPLACE_ME - Activity 24,FAKE_REPLACE_ME - SOG-024,FAKE_REPLACE_ME - Business 06
FAKE_REPLACE_ME - BOOK-0049 · TRADER-025,XVA,FAKE_REPLACE_ME - Activity 1,FAKE_REPLACE_ME - SOG-025,FAKE_REPLACE_ME - Business 07
FAKE_REPLACE_ME - BOOK-0050 · TRADER-025,Hedges,FAKE_REPLACE_ME - Activity 1,FAKE_REPLACE_ME - SOG-025,FAKE_REPLACE_ME - Business 07
FAKE_REPLACE_ME - BOOK-0051 · TRADER-026,XVA,FAKE_REPLACE_ME - Activity 2,FAKE_REPLACE_ME - SOG-026,FAKE_REPLACE_ME - Business 08
FAKE_REPLACE_ME - BOOK-0052 · TRADER-026,Hedges,FAKE_REPLACE_ME - Activity 2,FAKE_REPLACE_ME - SOG-026,FAKE_REPLACE_ME - Business 08
FAKE_REPLACE_ME - BOOK-0053 · TRADER-027,XVA,FAKE_REPLACE_ME - Activity 3,FAKE_REPLACE_ME - SOG-027,FAKE_REPLACE_ME - Business 09
FAKE_REPLACE_ME - BOOK-0054 · TRADER-027,Hedges,FAKE_REPLACE_ME - Activity 3,FAKE_REPLACE_ME - SOG-027,FAKE_REPLACE_ME - Business 09
FAKE_REPLACE_ME - BOOK-0055 · TRADER-028,XVA,FAKE_REPLACE_ME - Activity 4,FAKE_REPLACE_ME - SOG-028,FAKE_REPLACE_ME - Business 10
FAKE_REPLACE_ME - BOOK-0056 · TRADER-028,Hedges,FAKE_REPLACE_ME - Activity 4,FAKE_REPLACE_ME - SOG-028,FAKE_REPLACE_ME - Business 10
FAKE_REPLACE_ME - BOOK-0057 · TRADER-029,XVA,FAKE_REPLACE_ME - Activity 5,FAKE_REPLACE_ME - SOG-029,FAKE_REPLACE_ME - Business 11
FAKE_REPLACE_ME - BOOK-0058 · TRADER-029,Hedges,FAKE_REPLACE_ME - Activity 5,FAKE_REPLACE_ME - SOG-029,FAKE_REPLACE_ME - Business 11
FAKE_REPLACE_ME - BOOK-0059 · TRADER-030,XVA,FAKE_REPLACE_ME - Activity 6,FAKE_REPLACE_ME - SOG-030,FAKE_REPLACE_ME - Business 12
FAKE_REPLACE_ME - BOOK-0060 · TRADER-030,Hedges,FAKE_REPLACE_ME - Activity 6,FAKE_REPLACE_ME - SOG-030,FAKE_REPLACE_ME - Business 12
FAKE_REPLACE_ME - BOOK-0061 · TRADER-031,XVA,FAKE_REPLACE_ME - Activity 7,FAKE_REPLACE_ME - SOG-031,FAKE_REPLACE_ME - Business 13
FAKE_REPLACE_ME - BOOK-0062 · TRADER-031,Hedges,FAKE_REPLACE_ME - Activity 7,FAKE_REPLACE_ME - SOG-031,FAKE_REPLACE_ME - Business 13
FAKE_REPLACE_ME - BOOK-0063 · TRADER-032,XVA,FAKE_REPLACE_ME - Activity 8,FAKE_REPLACE_ME - SOG-032,FAKE_REPLACE_ME - Business 14
FAKE_REPLACE_ME - BOOK-0064 · TRADER-032,Hedges,FAKE_REPLACE_ME - Activity 8,FAKE_REPLACE_ME - SOG-032,FAKE_REPLACE_ME - Business 14
FAKE_REPLACE_ME - BOOK-0065 · TRADER-033,XVA,FAKE_REPLACE_ME - Activity 9,FAKE_REPLACE_ME - SOG-033,FAKE_REPLACE_ME - Business 15
FAKE_REPLACE_ME - BOOK-0066 · TRADER-033,Hedges,FAKE_REPLACE_ME - Activity 9,FAKE_REPLACE_ME - SOG-033,FAKE_REPLACE_ME - Business 15
FAKE_REPLACE_ME - BOOK-0067 · TRADER-034,XVA,FAKE_REPLACE_ME - Activity 10,FAKE_REPLACE_ME - SOG-034,FAKE_REPLACE_ME - Business 16
FAKE_REPLACE_ME - BOOK-0068 · TRADER-034,Hedges,FAKE_REPLACE_ME - Activity 10,FAKE_REPLACE_ME - SOG-034,FAKE_REPLACE_ME - Business 16
FAKE_REPLACE_ME - BOOK-0069 · TRADER-035,XVA,FAKE_REPLACE_ME - Activity 11,FAKE_REPLACE_ME - SOG-035,FAKE_REPLACE_ME - Business 17
FAKE_REPLACE_ME - BOOK-0070 · TRADER-035,Hedges,FAKE_REPLACE_ME - Activity 11,FAKE_REPLACE_ME - SOG-035,FAKE_REPLACE_ME - Business 17
FAKE_REPLACE_ME - BOOK-0071 · TRADER-036,XVA,FAKE_REPLACE_ME - Activity 12,FAKE_REPLACE_ME - SOG-036,FAKE_REPLACE_ME - Business 18
FAKE_REPLACE_ME - BOOK-0072 · TRADER-036,Hedges,FAKE_REPLACE_ME - Activity 12,FAKE_REPLACE_ME - SOG-036,FAKE_REPLACE_ME - Business 18
FAKE_REPLACE_ME - BOOK-0073 · TRADER-037,XVA,FAKE_REPLACE_ME - Activity 13,FAKE_REPLACE_ME - SOG-037,FAKE_REPLACE_ME - Business 01
FAKE_REPLACE_ME - BOOK-0074 · TRADER-037,Hedges,FAKE_REPLACE_ME - Activity 13,FAKE_REPLACE_ME - SOG-037,FAKE_REPLACE_ME - Business 01
FAKE_REPLACE_ME - BOOK-0075 · TRADER-038,XVA,FAKE_REPLACE_ME - Activity 14,FAKE_REPLACE_ME - SOG-038,FAKE_REPLACE_ME - Business 02
FAKE_REPLACE_ME - BOOK-0076 · TRADER-038,Hedges,FAKE_REPLACE_ME - Activity 14,FAKE_REPLACE_ME - SOG-038,FAKE_REPLACE_ME - Business 02
FAKE_REPLACE_ME - BOOK-0077 · TRADER-039,XVA,FAKE_REPLACE_ME - Activity 15,FAKE_REPLACE_ME - SOG-039,FAKE_REPLACE_ME - Business 03
FAKE_REPLACE_ME - BOOK-0078 · TRADER-039,Hedges,FAKE_REPLACE_ME - Activity 15,FAKE_REPLACE_ME - SOG-039,FAKE_REPLACE_ME - Business 03
FAKE_REPLACE_ME - BOOK-0079 · TRADER-040,XVA,FAKE_REPLACE_ME - Activity 16,FAKE_REPLACE_ME - SOG-040,FAKE_REPLACE_ME - Business 04
FAKE_REPLACE_ME - BOOK-0080 · TRADER-040,Hedges,FAKE_REPLACE_ME - Activity 16,FAKE_REPLACE_ME - SOG-040,FAKE_REPLACE_ME - Business 04
FAKE_REPLACE_ME - BOOK-0081 · TRADER-041,XVA,FAKE_REPLACE_ME - Activity 17,FAKE_REPLACE_ME - SOG-041,FAKE_REPLACE_ME - Business 05
FAKE_REPLACE_ME - BOOK-0082 · TRADER-041,Hedges,FAKE_REPLACE_ME - Activity 17,FAKE_REPLACE_ME - SOG-041,FAKE_REPLACE_ME - Business 05
FAKE_REPLACE_ME - BOOK-0083 · TRADER-042,XVA,FAKE_REPLACE_ME - Activity 18,FAKE_REPLACE_ME - SOG-042,FAKE_REPLACE_ME - Business 06
FAKE_REPLACE_ME - BOOK-0084 · TRADER-042,Hedges,FAKE_REPLACE_ME - Activity 18,FAKE_REPLACE_ME - SOG-042,FAKE_REPLACE_ME - Business 06
FAKE_REPLACE_ME - BOOK-0085 · TRADER-043,XVA,FAKE_REPLACE_ME - Activity 19,FAKE_REPLACE_ME - SOG-043,FAKE_REPLACE_ME - Business 07
FAKE_REPLACE_ME - BOOK-0086 · TRADER-043,Hedges,FAKE_REPLACE_ME - Activity 19,FAKE_REPLACE_ME - SOG-043,FAKE_REPLACE_ME - Business 07
FAKE_REPLACE_ME - BOOK-0087 · TRADER-044,XVA,FAKE_REPLACE_ME - Activity 20,FAKE_REPLACE_ME - SOG-044,FAKE_REPLACE_ME - Business 08
FAKE_REPLACE_ME - BOOK-0088 · TRADER-044,Hedges,FAKE_REPLACE_ME - Activity 20,FAKE_REPLACE_ME - SOG-044,FAKE_REPLACE_ME - Business 08
FAKE_REPLACE_ME - BOOK-0089 · TRADER-045,XVA,FAKE_REPLACE_ME - Activity 21,FAKE_REPLACE_ME - SOG-045,FAKE_REPLACE_ME - Business 09
FAKE_REPLACE_ME - BOOK-0090 · TRADER-045,Hedges,FAKE_REPLACE_ME - Activity 21,FAKE_REPLACE_ME - SOG-045,FAKE_REPLACE_ME - Business 09
FAKE_REPLACE_ME - BOOK-0091 · TRADER-046,XVA,FAKE_REPLACE_ME - Activity 22,FAKE_REPLACE_ME - SOG-046,FAKE_REPLACE_ME - Business 10
FAKE_REPLACE_ME - BOOK-0092 · TRADER-046,Hedges,FAKE_REPLACE_ME - Activity 22,FAKE_REPLACE_ME - SOG-046,FAKE_REPLACE_ME - Business 10
FAKE_REPLACE_ME - BOOK-0093 · TRADER-047,XVA,FAKE_REPLACE_ME - Activity 23,FAKE_REPLACE_ME - SOG-047,FAKE_REPLACE_ME - Business 11
FAKE_REPLACE_ME - BOOK-0094 · TRADER-047,Hedges,FAKE_REPLACE_ME - Activity 23,FAKE_REPLACE_ME - SOG-047,FAKE_REPLACE_ME - Business 11
FAKE_REPLACE_ME - BOOK-0095 · TRADER-048,XVA,FAKE_REPLACE_ME - Activity 24,FAKE_REPLACE_ME - SOG-048,FAKE_REPLACE_ME - Business 12
FAKE_REPLACE_ME - BOOK-0096 · TRADER-048,Hedges,FAKE_REPLACE_ME - Activity 24,FAKE_REPLACE_ME - SOG-048,FAKE_REPLACE_ME - Business 12
FAKE_REPLACE_ME - BOOK-0097 · TRADER-049,XVA,FAKE_REPLACE_ME - Activity 1,FAKE_REPLACE_ME - SOG-049,FAKE_REPLACE_ME - Business 13
FAKE_REPLACE_ME - BOOK-0098 · TRADER-049,Hedges,FAKE_REPLACE_ME - Activity 1,FAKE_REPLACE_ME - SOG-049,FAKE_REPLACE_ME - Business 13
FAKE_REPLACE_ME - BOOK-0099 · TRADER-050,XVA,FAKE_REPLACE_ME - Activity 2,FAKE_REPLACE_ME - SOG-050,FAKE_REPLACE_ME - Business 14
FAKE_REPLACE_ME - BOOK-0100 · TRADER-050,Hedges,FAKE_REPLACE_ME - Activity 2,FAKE_REPLACE_ME - SOG-050,FAKE_REPLACE_ME - Business 14
FAKE_REPLACE_ME - BOOK-0101 · TRADER-051,XVA,FAKE_REPLACE_ME - Activity 3,FAKE_REPLACE_ME - SOG-051,FAKE_REPLACE_ME - Business 15
FAKE_REPLACE_ME - BOOK-0102 · TRADER-051,Hedges,FAKE_REPLACE_ME - Activity 3,FAKE_REPLACE_ME - SOG-051,FAKE_REPLACE_ME - Business 15
FAKE_REPLACE_ME - BOOK-0103 · TRADER-052,XVA,FAKE_REPLACE_ME - Activity 4,FAKE_REPLACE_ME - SOG-052,FAKE_REPLACE_ME - Business 16
FAKE_REPLACE_ME - BOOK-0104 · TRADER-052,Hedges,FAKE_REPLACE_ME - Activity 4,FAKE_REPLACE_ME - SOG-052,FAKE_REPLACE_ME - Business 16
FAKE_REPLACE_ME - BOOK-0105 · TRADER-053,XVA,FAKE_REPLACE_ME - Activity 5,FAKE_REPLACE_ME - SOG-053,FAKE_REPLACE_ME - Business 17
FAKE_REPLACE_ME - BOOK-0106 · TRADER-053,Hedges,FAKE_REPLACE_ME - Activity 5,FAKE_REPLACE_ME - SOG-053,FAKE_REPLACE_ME - Business 17
FAKE_REPLACE_ME - BOOK-0107 · TRADER-054,XVA,FAKE_REPLACE_ME - Activity 6,FAKE_REPLACE_ME - SOG-054,FAKE_REPLACE_ME - Business 18
FAKE_REPLACE_ME - BOOK-0108 · TRADER-054,Hedges,FAKE_REPLACE_ME - Activity 6,FAKE_REPLACE_ME - SOG-054,FAKE_REPLACE_ME - Business 18
FAKE_REPLACE_ME - BOOK-0109 · TRADER-055,XVA,FAKE_REPLACE_ME - Activity 7,FAKE_REPLACE_ME - SOG-055,FAKE_REPLACE_ME - Business 01
FAKE_REPLACE_ME - BOOK-0110 · TRADER-055,Hedges,FAKE_REPLACE_ME - Activity 7,FAKE_REPLACE_ME - SOG-055,FAKE_REPLACE_ME - Business 01
FAKE_REPLACE_ME - BOOK-0111 · TRADER-056,XVA,FAKE_REPLACE_ME - Activity 8,FAKE_REPLACE_ME - SOG-056,FAKE_REPLACE_ME - Business 02
FAKE_REPLACE_ME - BOOK-0112 · TRADER-056,Hedges,FAKE_REPLACE_ME - Activity 8,FAKE_REPLACE_ME - SOG-056,FAKE_REPLACE_ME - Business 02
FAKE_REPLACE_ME - BOOK-0113 · TRADER-057,XVA,FAKE_REPLACE_ME - Activity 9,FAKE_REPLACE_ME - SOG-057,FAKE_REPLACE_ME - Business 03
FAKE_REPLACE_ME - BOOK-0114 · TRADER-057,Hedges,FAKE_REPLACE_ME - Activity 9,FAKE_REPLACE_ME - SOG-057,FAKE_REPLACE_ME - Business 03
FAKE_REPLACE_ME - BOOK-0115 · TRADER-058,XVA,FAKE_REPLACE_ME - Activity 10,FAKE_REPLACE_ME - SOG-058,FAKE_REPLACE_ME - Business 04
FAKE_REPLACE_ME - BOOK-0116 · TRADER-058,Hedges,FAKE_REPLACE_ME - Activity 10,FAKE_REPLACE_ME - SOG-058,FAKE_REPLACE_ME - Business 04
FAKE_REPLACE_ME - BOOK-0117 · TRADER-059,XVA,FAKE_REPLACE_ME - Activity 11,FAKE_REPLACE_ME - SOG-059,FAKE_REPLACE_ME - Business 05
FAKE_REPLACE_ME - BOOK-0118 · TRADER-059,Hedges,FAKE_REPLACE_ME - Activity 11,FAKE_REPLACE_ME - SOG-059,FAKE_REPLACE_ME - Business 05
FAKE_REPLACE_ME - BOOK-0119 · TRADER-060,XVA,FAKE_REPLACE_ME - Activity 12,FAKE_REPLACE_ME - SOG-060,FAKE_REPLACE_ME - Business 06
FAKE_REPLACE_ME - BOOK-0120 · TRADER-060,Hedges,FAKE_REPLACE_ME - Activity 12,FAKE_REPLACE_ME - SOG-060,FAKE_REPLACE_ME - Business 06
FAKE_REPLACE_ME - BOOK-0121 · TRADER-061,XVA,FAKE_REPLACE_ME - Activity 13,FAKE_REPLACE_ME - SOG-061,FAKE_REPLACE_ME - Business 07
FAKE_REPLACE_ME - BOOK-0122 · TRADER-061,Hedges,FAKE_REPLACE_ME - Activity 13,FAKE_REPLACE_ME - SOG-061,FAKE_REPLACE_ME - Business 07
FAKE_REPLACE_ME - BOOK-0123 · TRADER-062,XVA,FAKE_REPLACE_ME - Activity 14,FAKE_REPLACE_ME - SOG-062,FAKE_REPLACE_ME - Business 08
FAKE_REPLACE_ME - BOOK-0124 · TRADER-062,Hedges,FAKE_REPLACE_ME - Activity 14,FAKE_REPLACE_ME - SOG-062,FAKE_REPLACE_ME - Business 08
FAKE_REPLACE_ME - BOOK-0125 · TRADER-063,XVA,FAKE_REPLACE_ME - Activity 15,FAKE_REPLACE_ME - SOG-063,FAKE_REPLACE_ME - Business 09
FAKE_REPLACE_ME - BOOK-0126 · TRADER-063,Hedges,FAKE_REPLACE_ME - Activity 15,FAKE_REPLACE_ME - SOG-063,FAKE_REPLACE_ME - Business 09
FAKE_REPLACE_ME - BOOK-0127 · TRADER-064,XVA,FAKE_REPLACE_ME - Activity 16,FAKE_REPLACE_ME - SOG-064,FAKE_REPLACE_ME - Business 10
FAKE_REPLACE_ME - BOOK-0128 · TRADER-064,Hedges,FAKE_REPLACE_ME - Activity 16,FAKE_REPLACE_ME - SOG-064,FAKE_REPLACE_ME - Business 10
FAKE_REPLACE_ME - BOOK-0129 · TRADER-065,XVA,FAKE_REPLACE_ME - Activity 17,FAKE_REPLACE_ME - SOG-065,FAKE_REPLACE_ME - Business 11
FAKE_REPLACE_ME - BOOK-0130 · TRADER-065,Hedges,FAKE_REPLACE_ME - Activity 17,FAKE_REPLACE_ME - SOG-065,FAKE_REPLACE_ME - Business 11
FAKE_REPLACE_ME - BOOK-0131 · TRADER-066,XVA,FAKE_REPLACE_ME - Activity 18,FAKE_REPLACE_ME - SOG-066,FAKE_REPLACE_ME - Business 12
FAKE_REPLACE_ME - BOOK-0132 · TRADER-066,Hedges,FAKE_REPLACE_ME - Activity 18,FAKE_REPLACE_ME - SOG-066,FAKE_REPLACE_ME - Business 12
FAKE_REPLACE_ME - BOOK-0133 · TRADER-067,XVA,FAKE_REPLACE_ME - Activity 19,FAKE_REPLACE_ME - SOG-067,FAKE_REPLACE_ME - Business 13
FAKE_REPLACE_ME - BOOK-0134 · TRADER-067,Hedges,FAKE_REPLACE_ME - Activity 19,FAKE_REPLACE_ME - SOG-067,FAKE_REPLACE_ME - Business 13
FAKE_REPLACE_ME - BOOK-0135 · TRADER-068,XVA,FAKE_REPLACE_ME - Activity 20,FAKE_REPLACE_ME - SOG-068,FAKE_REPLACE_ME - Business 14
FAKE_REPLACE_ME - BOOK-0136 · TRADER-068,Hedges,FAKE_REPLACE_ME - Activity 20,FAKE_REPLACE_ME - SOG-068,FAKE_REPLACE_ME - Business 14
FAKE_REPLACE_ME - BOOK-0137 · TRADER-069,XVA,FAKE_REPLACE_ME - Activity 21,FAKE_REPLACE_ME - SOG-069,FAKE_REPLACE_ME - Business 15
FAKE_REPLACE_ME - BOOK-0138 · TRADER-069,Hedges,FAKE_REPLACE_ME - Activity 21,FAKE_REPLACE_ME - SOG-069,FAKE_REPLACE_ME - Business 15
FAKE_REPLACE_ME - BOOK-0139 · TRADER-070,XVA,FAKE_REPLACE_ME - Activity 22,FAKE_REPLACE_ME - SOG-070,FAKE_REPLACE_ME - Business 16
FAKE_REPLACE_ME - BOOK-0140 · TRADER-070,Hedges,FAKE_REPLACE_ME - Activity 22,FAKE_REPLACE_ME - SOG-070,FAKE_REPLACE_ME - Business 16
FAKE_REPLACE_ME - BOOK-0141 · TRADER-071,XVA,FAKE_REPLACE_ME - Activity 23,FAKE_REPLACE_ME - SOG-071,FAKE_REPLACE_ME - Business 17
FAKE_REPLACE_ME - BOOK-0142 · TRADER-071,Hedges,FAKE_REPLACE_ME - Activity 23,FAKE_REPLACE_ME - SOG-071,FAKE_REPLACE_ME - Business 17
FAKE_REPLACE_ME - BOOK-0143 · TRADER-072,XVA,FAKE_REPLACE_ME - Activity 24,FAKE_REPLACE_ME - SOG-072,FAKE_REPLACE_ME - Business 18
FAKE_REPLACE_ME - BOOK-0144 · TRADER-072,Hedges,FAKE_REPLACE_ME - Activity 24,FAKE_REPLACE_ME - SOG-072,FAKE_REPLACE_ME - Business 18
FAKE_REPLACE_ME - BOOK-0145 · TRADER-073,XVA,FAKE_REPLACE_ME - Activity 1,FAKE_REPLACE_ME - SOG-073,FAKE_REPLACE_ME - Business 01
FAKE_REPLACE_ME - BOOK-0146 · TRADER-073,Hedges,FAKE_REPLACE_ME - Activity 1,FAKE_REPLACE_ME - SOG-073,FAKE_REPLACE_ME - Business 01
FAKE_REPLACE_ME - BOOK-0147 · TRADER-074,XVA,FAKE_REPLACE_ME - Activity 2,FAKE_REPLACE_ME - SOG-074,FAKE_REPLACE_ME - Business 02
FAKE_REPLACE_ME - BOOK-0148 · TRADER-074,Hedges,FAKE_REPLACE_ME - Activity 2,FAKE_REPLACE_ME - SOG-074,FAKE_REPLACE_ME - Business 02
FAKE_REPLACE_ME - BOOK-0149 · TRADER-075,XVA,FAKE_REPLACE_ME - Activity 3,FAKE_REPLACE_ME - SOG-075,FAKE_REPLACE_ME - Business 03
FAKE_REPLACE_ME - BOOK-0150 · TRADER-075,Hedges,FAKE_REPLACE_ME - Activity 3,FAKE_REPLACE_ME - SOG-075,FAKE_REPLACE_ME - Business 03
FAKE_REPLACE_ME - BOOK-0151 · TRADER-076,XVA,FAKE_REPLACE_ME - Activity 4,FAKE_REPLACE_ME - SOG-076,FAKE_REPLACE_ME - Business 04
FAKE_REPLACE_ME - BOOK-0152 · TRADER-076,Hedges,FAKE_REPLACE_ME - Activity 4,FAKE_REPLACE_ME - SOG-076,FAKE_REPLACE_ME - Business 04
FAKE_REPLACE_ME - BOOK-0153 · TRADER-077,XVA,FAKE_REPLACE_ME - Activity 5,FAKE_REPLACE_ME - SOG-077,FAKE_REPLACE_ME - Business 05
FAKE_REPLACE_ME - BOOK-0154 · TRADER-077,Hedges,FAKE_REPLACE_ME - Activity 5,FAKE_REPLACE_ME - SOG-077,FAKE_REPLACE_ME - Business 05
FAKE_REPLACE_ME - BOOK-0155 · TRADER-078,XVA,FAKE_REPLACE_ME - Activity 6,FAKE_REPLACE_ME - SOG-078,FAKE_REPLACE_ME - Business 06
FAKE_REPLACE_ME - BOOK-0156 · TRADER-078,Hedges,FAKE_REPLACE_ME - Activity 6,FAKE_REPLACE_ME - SOG-078,FAKE_REPLACE_ME - Business 06
FAKE_REPLACE_ME - BOOK-0157 · TRADER-079,XVA,FAKE_REPLACE_ME - Activity 7,FAKE_REPLACE_ME - SOG-079,FAKE_REPLACE_ME - Business 07
FAKE_REPLACE_ME - BOOK-0158 · TRADER-079,Hedges,FAKE_REPLACE_ME - Activity 7,FAKE_REPLACE_ME - SOG-079,FAKE_REPLACE_ME - Business 07
FAKE_REPLACE_ME - BOOK-0159 · TRADER-080,XVA,FAKE_REPLACE_ME - Activity 8,FAKE_REPLACE_ME - SOG-080,FAKE_REPLACE_ME - Business 08
FAKE_REPLACE_ME - BOOK-0160 · TRADER-080,Hedges,FAKE_REPLACE_ME - Activity 8,FAKE_REPLACE_ME - SOG-080,FAKE_REPLACE_ME - Business 08
FAKE_REPLACE_ME - BOOK-0161 · TRADER-081,XVA,FAKE_REPLACE_ME - Activity 9,FAKE_REPLACE_ME - SOG-001,FAKE_REPLACE_ME - Business 09
FAKE_REPLACE_ME - BOOK-0162 · TRADER-081,Hedges,FAKE_REPLACE_ME - Activity 9,FAKE_REPLACE_ME - SOG-001,FAKE_REPLACE_ME - Business 09
FAKE_REPLACE_ME - BOOK-0163 · TRADER-082,XVA,FAKE_REPLACE_ME - Activity 10,FAKE_REPLACE_ME - SOG-002,FAKE_REPLACE_ME - Business 10
FAKE_REPLACE_ME - BOOK-0164 · TRADER-082,Hedges,FAKE_REPLACE_ME - Activity 10,FAKE_REPLACE_ME - SOG-002,FAKE_REPLACE_ME - Business 10
FAKE_REPLACE_ME - BOOK-0165 · TRADER-083,XVA,FAKE_REPLACE_ME - Activity 11,FAKE_REPLACE_ME - SOG-003,FAKE_REPLACE_ME - Business 11
FAKE_REPLACE_ME - BOOK-0166 · TRADER-083,Hedges,FAKE_REPLACE_ME - Activity 11,FAKE_REPLACE_ME - SOG-003,FAKE_REPLACE_ME - Business 11
FAKE_REPLACE_ME - BOOK-0167 · TRADER-084,XVA,FAKE_REPLACE_ME - Activity 12,FAKE_REPLACE_ME - SOG-004,FAKE_REPLACE_ME - Business 12
FAKE_REPLACE_ME - BOOK-0168 · TRADER-084,Hedges,FAKE_REPLACE_ME - Activity 12,FAKE_REPLACE_ME - SOG-004,FAKE_REPLACE_ME - Business 12
FAKE_REPLACE_ME - BOOK-0169 · TRADER-085,XVA,FAKE_REPLACE_ME - Activity 13,FAKE_REPLACE_ME - SOG-005,FAKE_REPLACE_ME - Business 13
FAKE_REPLACE_ME - BOOK-0170 · TRADER-085,Hedges,FAKE_REPLACE_ME - Activity 13,FAKE_REPLACE_ME - SOG-005,FAKE_REPLACE_ME - Business 13
FAKE_REPLACE_ME - BOOK-0171 · TRADER-086,XVA,FAKE_REPLACE_ME - Activity 14,FAKE_REPLACE_ME - SOG-006,FAKE_REPLACE_ME - Business 14
FAKE_REPLACE_ME - BOOK-0172 · TRADER-086,Hedges,FAKE_REPLACE_ME - Activity 14,FAKE_REPLACE_ME - SOG-006,FAKE_REPLACE_ME - Business 14
FAKE_REPLACE_ME - BOOK-0173 · TRADER-087,XVA,FAKE_REPLACE_ME - Activity 15,FAKE_REPLACE_ME - SOG-007,FAKE_REPLACE_ME - Business 15
FAKE_REPLACE_ME - BOOK-0174 · TRADER-087,Hedges,FAKE_REPLACE_ME - Activity 15,FAKE_REPLACE_ME - SOG-007,FAKE_REPLACE_ME - Business 15
FAKE_REPLACE_ME - BOOK-0175 · TRADER-088,XVA,FAKE_REPLACE_ME - Activity 16,FAKE_REPLACE_ME - SOG-008,FAKE_REPLACE_ME - Business 16
FAKE_REPLACE_ME - BOOK-0176 · TRADER-088,Hedges,FAKE_REPLACE_ME - Activity 16,FAKE_REPLACE_ME - SOG-008,FAKE_REPLACE_ME - Business 16
FAKE_REPLACE_ME - BOOK-0177 · TRADER-089,XVA,FAKE_REPLACE_ME - Activity 17,FAKE_REPLACE_ME - SOG-009,FAKE_REPLACE_ME - Business 17
FAKE_REPLACE_ME - BOOK-0178 · TRADER-089,Hedges,FAKE_REPLACE_ME - Activity 17,FAKE_REPLACE_ME - SOG-009,FAKE_REPLACE_ME - Business 17
FAKE_REPLACE_ME - BOOK-0179 · TRADER-090,XVA,FAKE_REPLACE_ME - Activity 18,FAKE_REPLACE_ME - SOG-010,FAKE_REPLACE_ME - Business 18
FAKE_REPLACE_ME - BOOK-0180 · TRADER-090,Hedges,FAKE_REPLACE_ME - Activity 18,FAKE_REPLACE_ME - SOG-010,FAKE_REPLACE_ME - Business 18
FAKE_REPLACE_ME - BOOK-0181 · TRADER-091,XVA,FAKE_REPLACE_ME - Activity 19,FAKE_REPLACE_ME - SOG-011,FAKE_REPLACE_ME - Business 01
FAKE_REPLACE_ME - BOOK-0182 · TRADER-091,Hedges,FAKE_REPLACE_ME - Activity 19,FAKE_REPLACE_ME - SOG-011,FAKE_REPLACE_ME - Business 01
FAKE_REPLACE_ME - BOOK-0183 · TRADER-092,XVA,FAKE_REPLACE_ME - Activity 20,FAKE_REPLACE_ME - SOG-012,FAKE_REPLACE_ME - Business 02
FAKE_REPLACE_ME - BOOK-0184 · TRADER-092,Hedges,FAKE_REPLACE_ME - Activity 20,FAKE_REPLACE_ME - SOG-012,FAKE_REPLACE_ME - Business 02
FAKE_REPLACE_ME - BOOK-0185 · TRADER-093,XVA,FAKE_REPLACE_ME - Activity 21,FAKE_REPLACE_ME - SOG-013,FAKE_REPLACE_ME - Business 03
FAKE_REPLACE_ME - BOOK-0186 · TRADER-093,Hedges,FAKE_REPLACE_ME - Activity 21,FAKE_REPLACE_ME - SOG-013,FAKE_REPLACE_ME - Business 03
FAKE_REPLACE_ME - BOOK-0187 · TRADER-094,XVA,FAKE_REPLACE_ME - Activity 22,FAKE_REPLACE_ME - SOG-014,FAKE_REPLACE_ME - Business 04
FAKE_REPLACE_ME - BOOK-0188 · TRADER-094,Hedges,FAKE_REPLACE_ME - Activity 22,FAKE_REPLACE_ME - SOG-014,FAKE_REPLACE_ME - Business 04
FAKE_REPLACE_ME - BOOK-0189 · TRADER-095,XVA,FAKE_REPLACE_ME - Activity 23,FAKE_REPLACE_ME - SOG-015,FAKE_REPLACE_ME - Business 05
FAKE_REPLACE_ME - BOOK-0190 · TRADER-095,Hedges,FAKE_REPLACE_ME - Activity 23,FAKE_REPLACE_ME - SOG-015,FAKE_REPLACE_ME - Business 05
FAKE_REPLACE_ME - BOOK-0191 · TRADER-096,XVA,FAKE_REPLACE_ME - Activity 24,FAKE_REPLACE_ME - SOG-016,FAKE_REPLACE_ME - Business 06
FAKE_REPLACE_ME - BOOK-0192 · TRADER-096,Hedges,FAKE_REPLACE_ME - Activity 24,FAKE_REPLACE_ME - SOG-016,FAKE_REPLACE_ME - Business 06
FAKE_REPLACE_ME - BOOK-0193 · TRADER-097,XVA,FAKE_REPLACE_ME - Activity 1,FAKE_REPLACE_ME - SOG-017,FAKE_REPLACE_ME - Business 07
FAKE_REPLACE_ME - BOOK-0194 · TRADER-097,Hedges,FAKE_REPLACE_ME - Activity 1,FAKE_REPLACE_ME - SOG-017,FAKE_REPLACE_ME - Business 07
FAKE_REPLACE_ME - BOOK-0195 · TRADER-098,XVA,FAKE_REPLACE_ME - Activity 2,FAKE_REPLACE_ME - SOG-018,FAKE_REPLACE_ME - Business 08
FAKE_REPLACE_ME - BOOK-0196 · TRADER-098,Hedges,FAKE_REPLACE_ME - Activity 2,FAKE_REPLACE_ME - SOG-018,FAKE_REPLACE_ME - Business 08
FAKE_REPLACE_ME - BOOK-0197 · TRADER-099,XVA,FAKE_REPLACE_ME - Activity 3,FAKE_REPLACE_ME - SOG-019,FAKE_REPLACE_ME - Business 09
FAKE_REPLACE_ME - BOOK-0198 · TRADER-099,Hedges,FAKE_REPLACE_ME - Activity 3,FAKE_REPLACE_ME - SOG-019,FAKE_REPLACE_ME - Business 09
FAKE_REPLACE_ME - BOOK-0199 · TRADER-100,XVA,FAKE_REPLACE_ME - Activity 4,FAKE_REPLACE_ME - SOG-020,FAKE_REPLACE_ME - Business 10
FAKE_REPLACE_ME - BOOK-0200 · TRADER-100,Hedges,FAKE_REPLACE_ME - Activity 4,FAKE_REPLACE_ME - SOG-020,FAKE_REPLACE_ME - Business 10
FAKE_REPLACE_ME - BOOK-0201 · TRADER-101,XVA,FAKE_REPLACE_ME - Activity 5,FAKE_REPLACE_ME - SOG-021,FAKE_REPLACE_ME - Business 11
FAKE_REPLACE_ME - BOOK-0202 · TRADER-101,Hedges,FAKE_REPLACE_ME - Activity 5,FAKE_REPLACE_ME - SOG-021,FAKE_REPLACE_ME - Business 11
FAKE_REPLACE_ME - BOOK-0203 · TRADER-102,XVA,FAKE_REPLACE_ME - Activity 6,FAKE_REPLACE_ME - SOG-022,FAKE_REPLACE_ME - Business 12
FAKE_REPLACE_ME - BOOK-0204 · TRADER-102,Hedges,FAKE_REPLACE_ME - Activity 6,FAKE_REPLACE_ME - SOG-022,FAKE_REPLACE_ME - Business 12
FAKE_REPLACE_ME - BOOK-0205 · TRADER-103,XVA,FAKE_REPLACE_ME - Activity 7,FAKE_REPLACE_ME - SOG-023,FAKE_REPLACE_ME - Business 13
FAKE_REPLACE_ME - BOOK-0206 · TRADER-103,Hedges,FAKE_REPLACE_ME - Activity 7,FAKE_REPLACE_ME - SOG-023,FAKE_REPLACE_ME - Business 13
FAKE_REPLACE_ME - BOOK-0207 · TRADER-104,XVA,FAKE_REPLACE_ME - Activity 8,FAKE_REPLACE_ME - SOG-024,FAKE_REPLACE_ME - Business 14
FAKE_REPLACE_ME - BOOK-0208 · TRADER-104,Hedges,FAKE_REPLACE_ME - Activity 8,FAKE_REPLACE_ME - SOG-024,FAKE_REPLACE_ME - Business 14
FAKE_REPLACE_ME - BOOK-0209 · TRADER-105,XVA,FAKE_REPLACE_ME - Activity 9,FAKE_REPLACE_ME - SOG-025,FAKE_REPLACE_ME - Business 15
FAKE_REPLACE_ME - BOOK-0210 · TRADER-105,Hedges,FAKE_REPLACE_ME - Activity 9,FAKE_REPLACE_ME - SOG-025,FAKE_REPLACE_ME - Business 15
FAKE_REPLACE_ME - BOOK-0211 · TRADER-106,XVA,FAKE_REPLACE_ME - Activity 10,FAKE_REPLACE_ME - SOG-026,FAKE_REPLACE_ME - Business 16
FAKE_REPLACE_ME - BOOK-0212 · TRADER-106,Hedges,FAKE_REPLACE_ME - Activity 10,FAKE_REPLACE_ME - SOG-026,FAKE_REPLACE_ME - Business 16
FAKE_REPLACE_ME - BOOK-0213 · TRADER-107,XVA,FAKE_REPLACE_ME - Activity 11,FAKE_REPLACE_ME - SOG-027,FAKE_REPLACE_ME - Business 17
FAKE_REPLACE_ME - BOOK-0214 · TRADER-107,Hedges,FAKE_REPLACE_ME - Activity 11,FAKE_REPLACE_ME - SOG-027,FAKE_REPLACE_ME - Business 17
FAKE_REPLACE_ME - BOOK-0215 · TRADER-108,XVA,FAKE_REPLACE_ME - Activity 12,FAKE_REPLACE_ME - SOG-028,FAKE_REPLACE_ME - Business 18
FAKE_REPLACE_ME - BOOK-0216 · TRADER-108,Hedges,FAKE_REPLACE_ME - Activity 12,FAKE_REPLACE_ME - SOG-028,FAKE_REPLACE_ME - Business 18
FAKE_REPLACE_ME - BOOK-0217 · TRADER-109,XVA,FAKE_REPLACE_ME - Activity 13,FAKE_REPLACE_ME - SOG-029,FAKE_REPLACE_ME - Business 01
FAKE_REPLACE_ME - BOOK-0218 · TRADER-109,Hedges,FAKE_REPLACE_ME - Activity 13,FAKE_REPLACE_ME - SOG-029,FAKE_REPLACE_ME - Business 01
FAKE_REPLACE_ME - BOOK-0219 · TRADER-110,XVA,FAKE_REPLACE_ME - Activity 14,FAKE_REPLACE_ME - SOG-030,FAKE_REPLACE_ME - Business 02
FAKE_REPLACE_ME - BOOK-0220 · TRADER-110,Hedges,FAKE_REPLACE_ME - Activity 14,FAKE_REPLACE_ME - SOG-030,FAKE_REPLACE_ME - Business 02
FAKE_REPLACE_ME - BOOK-0221 · TRADER-111,XVA,FAKE_REPLACE_ME - Activity 15,FAKE_REPLACE_ME - SOG-031,FAKE_REPLACE_ME - Business 03
FAKE_REPLACE_ME - BOOK-0222 · TRADER-111,Hedges,FAKE_REPLACE_ME - Activity 15,FAKE_REPLACE_ME - SOG-031,FAKE_REPLACE_ME - Business 03
FAKE_REPLACE_ME - BOOK-0223 · TRADER-112,XVA,FAKE_REPLACE_ME - Activity 16,FAKE_REPLACE_ME - SOG-032,FAKE_REPLACE_ME - Business 04
FAKE_REPLACE_ME - BOOK-0224 · TRADER-112,Hedges,FAKE_REPLACE_ME - Activity 16,FAKE_REPLACE_ME - SOG-032,FAKE_REPLACE_ME - Business 04
FAKE_REPLACE_ME - BOOK-0225 · TRADER-113,XVA,FAKE_REPLACE_ME - Activity 17,FAKE_REPLACE_ME - SOG-033,FAKE_REPLACE_ME - Business 05
FAKE_REPLACE_ME - BOOK-0226 · TRADER-113,Hedges,FAKE_REPLACE_ME - Activity 17,FAKE_REPLACE_ME - SOG-033,FAKE_REPLACE_ME - Business 05
FAKE_REPLACE_ME - BOOK-0227 · TRADER-114,XVA,FAKE_REPLACE_ME - Activity 18,FAKE_REPLACE_ME - SOG-034,FAKE_REPLACE_ME - Business 06
FAKE_REPLACE_ME - BOOK-0228 · TRADER-114,Hedges,FAKE_REPLACE_ME - Activity 18,FAKE_REPLACE_ME - SOG-034,FAKE_REPLACE_ME - Business 06
FAKE_REPLACE_ME - BOOK-0229 · TRADER-115,XVA,FAKE_REPLACE_ME - Activity 19,FAKE_REPLACE_ME - SOG-035,FAKE_REPLACE_ME - Business 07
FAKE_REPLACE_ME - BOOK-0230 · TRADER-115,Hedges,FAKE_REPLACE_ME - Activity 19,FAKE_REPLACE_ME - SOG-035,FAKE_REPLACE_ME - Business 07
FAKE_REPLACE_ME - BOOK-0231 · TRADER-116,XVA,FAKE_REPLACE_ME - Activity 20,FAKE_REPLACE_ME - SOG-036,FAKE_REPLACE_ME - Business 08
FAKE_REPLACE_ME - BOOK-0232 · TRADER-116,Hedges,FAKE_REPLACE_ME - Activity 20,FAKE_REPLACE_ME - SOG-036,FAKE_REPLACE_ME - Business 08
FAKE_REPLACE_ME - BOOK-0233 · TRADER-117,XVA,FAKE_REPLACE_ME - Activity 21,FAKE_REPLACE_ME - SOG-037,FAKE_REPLACE_ME - Business 09
FAKE_REPLACE_ME - BOOK-0234 · TRADER-117,Hedges,FAKE_REPLACE_ME - Activity 21,FAKE_REPLACE_ME - SOG-037,FAKE_REPLACE_ME - Business 09
FAKE_REPLACE_ME - BOOK-0235 · TRADER-118,XVA,FAKE_REPLACE_ME - Activity 22,FAKE_REPLACE_ME - SOG-038,FAKE_REPLACE_ME - Business 10
FAKE_REPLACE_ME - BOOK-0236 · TRADER-118,Hedges,FAKE_REPLACE_ME - Activity 22,FAKE_REPLACE_ME - SOG-038,FAKE_REPLACE_ME - Business 10
FAKE_REPLACE_ME - BOOK-0237 · TRADER-119,XVA,FAKE_REPLACE_ME - Activity 23,FAKE_REPLACE_ME - SOG-039,FAKE_REPLACE_ME - Business 11
FAKE_REPLACE_ME - BOOK-0238 · TRADER-119,Hedges,FAKE_REPLACE_ME - Activity 23,FAKE_REPLACE_ME - SOG-039,FAKE_REPLACE_ME - Business 11
FAKE_REPLACE_ME - BOOK-0239 · TRADER-120,XVA,FAKE_REPLACE_ME - Activity 24,FAKE_REPLACE_ME - SOG-040,FAKE_REPLACE_ME - Business 12
FAKE_REPLACE_ME - BOOK-0240 · TRADER-120,Hedges,FAKE_REPLACE_ME - Activity 24,FAKE_REPLACE_ME - SOG-040,FAKE_REPLACE_ME - Business 12
FAKE_REPLACE_ME - BOOK-0241 · TRADER-121,XVA,FAKE_REPLACE_ME - Activity 1,FAKE_REPLACE_ME - SOG-041,FAKE_REPLACE_ME - Business 13
FAKE_REPLACE_ME - BOOK-0242 · TRADER-121,Hedges,FAKE_REPLACE_ME - Activity 1,FAKE_REPLACE_ME - SOG-041,FAKE_REPLACE_ME - Business 13
FAKE_REPLACE_ME - BOOK-0243 · TRADER-122,XVA,FAKE_REPLACE_ME - Activity 2,FAKE_REPLACE_ME - SOG-042,FAKE_REPLACE_ME - Business 14
FAKE_REPLACE_ME - BOOK-0244 · TRADER-122,Hedges,FAKE_REPLACE_ME - Activity 2,FAKE_REPLACE_ME - SOG-042,FAKE_REPLACE_ME - Business 14
FAKE_REPLACE_ME - BOOK-0245 · TRADER-123,XVA,FAKE_REPLACE_ME - Activity 3,FAKE_REPLACE_ME - SOG-043,FAKE_REPLACE_ME - Business 15
FAKE_REPLACE_ME - BOOK-0246 · TRADER-123,Hedges,FAKE_REPLACE_ME - Activity 3,FAKE_REPLACE_ME - SOG-043,FAKE_REPLACE_ME - Business 15
FAKE_REPLACE_ME - BOOK-0247 · TRADER-124,XVA,FAKE_REPLACE_ME - Activity 4,FAKE_REPLACE_ME - SOG-044,FAKE_REPLACE_ME - Business 16
FAKE_REPLACE_ME - BOOK-0248 · TRADER-124,Hedges,FAKE_REPLACE_ME - Activity 4,FAKE_REPLACE_ME - SOG-044,FAKE_REPLACE_ME - Business 16
FAKE_REPLACE_ME - BOOK-0249 · TRADER-125,XVA,FAKE_REPLACE_ME - Activity 5,FAKE_REPLACE_ME - SOG-045,FAKE_REPLACE_ME - Business 17
FAKE_REPLACE_ME - BOOK-0250 · TRADER-125,Hedges,FAKE_REPLACE_ME - Activity 5,FAKE_REPLACE_ME - SOG-045,FAKE_REPLACE_ME - Business 17
FAKE_REPLACE_ME - BOOK-0251 · TRADER-126,XVA,FAKE_REPLACE_ME - Activity 6,FAKE_REPLACE_ME - SOG-046,FAKE_REPLACE_ME - Business 18
FAKE_REPLACE_ME - BOOK-0252 · TRADER-126,Hedges,FAKE_REPLACE_ME - Activity 6,FAKE_REPLACE_ME - SOG-046,FAKE_REPLACE_ME - Business 18
FAKE_REPLACE_ME - BOOK-0253 · TRADER-127,XVA,FAKE_REPLACE_ME - Activity 7,FAKE_REPLACE_ME - SOG-047,FAKE_REPLACE_ME - Business 01
FAKE_REPLACE_ME - BOOK-0254 · TRADER-127,Hedges,FAKE_REPLACE_ME - Activity 7,FAKE_REPLACE_ME - SOG-047,FAKE_REPLACE_ME - Business 01
FAKE_REPLACE_ME - BOOK-0255 · TRADER-128,XVA,FAKE_REPLACE_ME - Activity 8,FAKE_REPLACE_ME - SOG-048,FAKE_REPLACE_ME - Business 02
FAKE_REPLACE_ME - BOOK-0256 · TRADER-128,Hedges,FAKE_REPLACE_ME - Activity 8,FAKE_REPLACE_ME - SOG-048,FAKE_REPLACE_ME - Business 02
FAKE_REPLACE_ME - BOOK-0257 · TRADER-129,XVA,FAKE_REPLACE_ME - Activity 9,FAKE_REPLACE_ME - SOG-049,FAKE_REPLACE_ME - Business 03
FAKE_REPLACE_ME - BOOK-0258 · TRADER-129,Hedges,FAKE_REPLACE_ME - Activity 9,FAKE_REPLACE_ME - SOG-049,FAKE_REPLACE_ME - Business 03
FAKE_REPLACE_ME - BOOK-0259 · TRADER-130,XVA,FAKE_REPLACE_ME - Activity 10,FAKE_REPLACE_ME - SOG-050,FAKE_REPLACE_ME - Business 04
FAKE_REPLACE_ME - BOOK-0260 · TRADER-130,Hedges,FAKE_REPLACE_ME - Activity 10,FAKE_REPLACE_ME - SOG-050,FAKE_REPLACE_ME - Business 04
FAKE_REPLACE_ME - BOOK-0261 · TRADER-131,XVA,FAKE_REPLACE_ME - Activity 11,FAKE_REPLACE_ME - SOG-051,FAKE_REPLACE_ME - Business 05
FAKE_REPLACE_ME - BOOK-0262 · TRADER-131,Hedges,FAKE_REPLACE_ME - Activity 11,FAKE_REPLACE_ME - SOG-051,FAKE_REPLACE_ME - Business 05
FAKE_REPLACE_ME - BOOK-0263 · TRADER-132,XVA,FAKE_REPLACE_ME - Activity 12,FAKE_REPLACE_ME - SOG-052,FAKE_REPLACE_ME - Business 06
FAKE_REPLACE_ME - BOOK-0264 · TRADER-132,Hedges,FAKE_REPLACE_ME - Activity 12,FAKE_REPLACE_ME - SOG-052,FAKE_REPLACE_ME - Business 06
FAKE_REPLACE_ME - BOOK-0265 · TRADER-133,XVA,FAKE_REPLACE_ME - Activity 13,FAKE_REPLACE_ME - SOG-053,FAKE_REPLACE_ME - Business 07
FAKE_REPLACE_ME - BOOK-0266 · TRADER-133,Hedges,FAKE_REPLACE_ME - Activity 13,FAKE_REPLACE_ME - SOG-053,FAKE_REPLACE_ME - Business 07
FAKE_REPLACE_ME - BOOK-0267 · TRADER-134,XVA,FAKE_REPLACE_ME - Activity 14,FAKE_REPLACE_ME - SOG-054,FAKE_REPLACE_ME - Business 08
FAKE_REPLACE_ME - BOOK-0268 · TRADER-134,Hedges,FAKE_REPLACE_ME - Activity 14,FAKE_REPLACE_ME - SOG-054,FAKE_REPLACE_ME - Business 08
FAKE_REPLACE_ME - BOOK-0269 · TRADER-135,XVA,FAKE_REPLACE_ME - Activity 15,FAKE_REPLACE_ME - SOG-055,FAKE_REPLACE_ME - Business 09
FAKE_REPLACE_ME - BOOK-0270 · TRADER-135,Hedges,FAKE_REPLACE_ME - Activity 15,FAKE_REPLACE_ME - SOG-055,FAKE_REPLACE_ME - Business 09
FAKE_REPLACE_ME - BOOK-0271 · TRADER-136,XVA,FAKE_REPLACE_ME - Activity 16,FAKE_REPLACE_ME - SOG-056,FAKE_REPLACE_ME - Business 10
FAKE_REPLACE_ME - BOOK-0272 · TRADER-136,Hedges,FAKE_REPLACE_ME - Activity 16,FAKE_REPLACE_ME - SOG-056,FAKE_REPLACE_ME - Business 10
FAKE_REPLACE_ME - BOOK-0273 · TRADER-137,XVA,FAKE_REPLACE_ME - Activity 17,FAKE_REPLACE_ME - SOG-057,FAKE_REPLACE_ME - Business 11
FAKE_REPLACE_ME - BOOK-0274 · TRADER-137,Hedges,FAKE_REPLACE_ME - Activity 17,FAKE_REPLACE_ME - SOG-057,FAKE_REPLACE_ME - Business 11
FAKE_REPLACE_ME - BOOK-0275 · TRADER-138,XVA,FAKE_REPLACE_ME - Activity 18,FAKE_REPLACE_ME - SOG-058,FAKE_REPLACE_ME - Business 12
FAKE_REPLACE_ME - BOOK-0276 · TRADER-138,Hedges,FAKE_REPLACE_ME - Activity 18,FAKE_REPLACE_ME - SOG-058,FAKE_REPLACE_ME - Business 12
FAKE_REPLACE_ME - BOOK-0277 · TRADER-139,XVA,FAKE_REPLACE_ME - Activity 19,FAKE_REPLACE_ME - SOG-059,FAKE_REPLACE_ME - Business 13
FAKE_REPLACE_ME - BOOK-0278 · TRADER-139,Hedges,FAKE_REPLACE_ME - Activity 19,FAKE_REPLACE_ME - SOG-059,FAKE_REPLACE_ME - Business 13
FAKE_REPLACE_ME - BOOK-0279 · TRADER-140,XVA,FAKE_REPLACE_ME - Activity 20,FAKE_REPLACE_ME - SOG-060,FAKE_REPLACE_ME - Business 14
FAKE_REPLACE_ME - BOOK-0280 · TRADER-140,Hedges,FAKE_REPLACE_ME - Activity 20,FAKE_REPLACE_ME - SOG-060,FAKE_REPLACE_ME - Business 14
FAKE_REPLACE_ME - BOOK-0281 · TRADER-141,XVA,FAKE_REPLACE_ME - Activity 21,FAKE_REPLACE_ME - SOG-061,FAKE_REPLACE_ME - Business 15
FAKE_REPLACE_ME - BOOK-0282 · TRADER-141,Hedges,FAKE_REPLACE_ME - Activity 21,FAKE_REPLACE_ME - SOG-061,FAKE_REPLACE_ME - Business 15
FAKE_REPLACE_ME - BOOK-0283 · TRADER-142,XVA,FAKE_REPLACE_ME - Activity 22,FAKE_REPLACE_ME - SOG-062,FAKE_REPLACE_ME - Business 16
FAKE_REPLACE_ME - BOOK-0284 · TRADER-142,Hedges,FAKE_REPLACE_ME - Activity 22,FAKE_REPLACE_ME - SOG-062,FAKE_REPLACE_ME - Business 16
FAKE_REPLACE_ME - BOOK-0285 · TRADER-143,XVA,FAKE_REPLACE_ME - Activity 23,FAKE_REPLACE_ME - SOG-063,FAKE_REPLACE_ME - Business 17
FAKE_REPLACE_ME - BOOK-0286 · TRADER-143,Hedges,FAKE_REPLACE_ME - Activity 23,FAKE_REPLACE_ME - SOG-063,FAKE_REPLACE_ME - Business 17
FAKE_REPLACE_ME - BOOK-0287 · TRADER-144,XVA,FAKE_REPLACE_ME - Activity 24,FAKE_REPLACE_ME - SOG-064,FAKE_REPLACE_ME - Business 18
FAKE_REPLACE_ME - BOOK-0288 · TRADER-144,Hedges,FAKE_REPLACE_ME - Activity 24,FAKE_REPLACE_ME - SOG-064,FAKE_REPLACE_ME - Business 18
FAKE_REPLACE_ME - BOOK-0289 · TRADER-145,XVA,FAKE_REPLACE_ME - Activity 1,FAKE_REPLACE_ME - SOG-065,FAKE_REPLACE_ME - Business 01
FAKE_REPLACE_ME - BOOK-0290 · TRADER-145,Hedges,FAKE_REPLACE_ME - Activity 1,FAKE_REPLACE_ME - SOG-065,FAKE_REPLACE_ME - Business 01
FAKE_REPLACE_ME - BOOK-0291 · TRADER-146,XVA,FAKE_REPLACE_ME - Activity 2,FAKE_REPLACE_ME - SOG-066,FAKE_REPLACE_ME - Business 02
FAKE_REPLACE_ME - BOOK-0292 · TRADER-146,Hedges,FAKE_REPLACE_ME - Activity 2,FAKE_REPLACE_ME - SOG-066,FAKE_REPLACE_ME - Business 02
FAKE_REPLACE_ME - BOOK-0293 · TRADER-147,XVA,FAKE_REPLACE_ME - Activity 3,FAKE_REPLACE_ME - SOG-067,FAKE_REPLACE_ME - Business 03
FAKE_REPLACE_ME - BOOK-0294 · TRADER-147,Hedges,FAKE_REPLACE_ME - Activity 3,FAKE_REPLACE_ME - SOG-067,FAKE_REPLACE_ME - Business 03
FAKE_REPLACE_ME - BOOK-0295 · TRADER-148,XVA,FAKE_REPLACE_ME - Activity 4,FAKE_REPLACE_ME - SOG-068,FAKE_REPLACE_ME - Business 04
FAKE_REPLACE_ME - BOOK-0296 · TRADER-148,Hedges,FAKE_REPLACE_ME - Activity 4,FAKE_REPLACE_ME - SOG-068,FAKE_REPLACE_ME - Business 04
FAKE_REPLACE_ME - BOOK-0297 · TRADER-149,XVA,FAKE_REPLACE_ME - Activity 5,FAKE_REPLACE_ME - SOG-069,FAKE_REPLACE_ME - Business 05
FAKE_REPLACE_ME - BOOK-0298 · TRADER-149,Hedges,FAKE_REPLACE_ME - Activity 5,FAKE_REPLACE_ME - SOG-069,FAKE_REPLACE_ME - Business 05
FAKE_REPLACE_ME - BOOK-0299 · TRADER-150,XVA,FAKE_REPLACE_ME - Activity 6,FAKE_REPLACE_ME - SOG-070,FAKE_REPLACE_ME - Business 06
FAKE_REPLACE_ME - BOOK-0300 · TRADER-150,Hedges,FAKE_REPLACE_ME - Activity 6,FAKE_REPLACE_ME - SOG-070,FAKE_REPLACE_ME - Business 06
FAKE_REPLACE_ME - BOOK-0301 · TRADER-151,XVA,FAKE_REPLACE_ME - Activity 7,FAKE_REPLACE_ME - SOG-071,FAKE_REPLACE_ME - Business 07
FAKE_REPLACE_ME - BOOK-0302 · TRADER-151,Hedges,FAKE_REPLACE_ME - Activity 7,FAKE_REPLACE_ME - SOG-071,FAKE_REPLACE_ME - Business 07
FAKE_REPLACE_ME - BOOK-0303 · TRADER-152,XVA,FAKE_REPLACE_ME - Activity 8,FAKE_REPLACE_ME - SOG-072,FAKE_REPLACE_ME - Business 08
FAKE_REPLACE_ME - BOOK-0304 · TRADER-152,Hedges,FAKE_REPLACE_ME - Activity 8,FAKE_REPLACE_ME - SOG-072,FAKE_REPLACE_ME - Business 08
FAKE_REPLACE_ME - BOOK-0305 · TRADER-153,XVA,FAKE_REPLACE_ME - Activity 9,FAKE_REPLACE_ME - SOG-073,FAKE_REPLACE_ME - Business 09
FAKE_REPLACE_ME - BOOK-0306 · TRADER-153,Hedges,FAKE_REPLACE_ME - Activity 9,FAKE_REPLACE_ME - SOG-073,FAKE_REPLACE_ME - Business 09
FAKE_REPLACE_ME - BOOK-0307 · TRADER-154,XVA,FAKE_REPLACE_ME - Activity 10,FAKE_REPLACE_ME - SOG-074,FAKE_REPLACE_ME - Business 10
FAKE_REPLACE_ME - BOOK-0308 · TRADER-154,Hedges,FAKE_REPLACE_ME - Activity 10,FAKE_REPLACE_ME - SOG-074,FAKE_REPLACE_ME - Business 10
FAKE_REPLACE_ME - BOOK-0309 · TRADER-155,XVA,FAKE_REPLACE_ME - Activity 11,FAKE_REPLACE_ME - SOG-075,FAKE_REPLACE_ME - Business 11
FAKE_REPLACE_ME - BOOK-0310 · TRADER-155,Hedges,FAKE_REPLACE_ME - Activity 11,FAKE_REPLACE_ME - SOG-075,FAKE_REPLACE_ME - Business 11
FAKE_REPLACE_ME - BOOK-0311 · TRADER-156,XVA,FAKE_REPLACE_ME - Activity 12,FAKE_REPLACE_ME - SOG-076,FAKE_REPLACE_ME - Business 12
FAKE_REPLACE_ME - BOOK-0312 · TRADER-156,Hedges,FAKE_REPLACE_ME - Activity 12,FAKE_REPLACE_ME - SOG-076,FAKE_REPLACE_ME - Business 12
FAKE_REPLACE_ME - BOOK-0313 · TRADER-157,XVA,FAKE_REPLACE_ME - Activity 13,FAKE_REPLACE_ME - SOG-077,FAKE_REPLACE_ME - Business 13
FAKE_REPLACE_ME - BOOK-0314 · TRADER-157,Hedges,FAKE_REPLACE_ME - Activity 13,FAKE_REPLACE_ME - SOG-077,FAKE_REPLACE_ME - Business 13
FAKE_REPLACE_ME - BOOK-0315 · TRADER-158,XVA,FAKE_REPLACE_ME - Activity 14,FAKE_REPLACE_ME - SOG-078,FAKE_REPLACE_ME - Business 14
FAKE_REPLACE_ME - BOOK-0316 · TRADER-158,Hedges,FAKE_REPLACE_ME - Activity 14,FAKE_REPLACE_ME - SOG-078,FAKE_REPLACE_ME - Business 14
FAKE_REPLACE_ME - BOOK-0317 · TRADER-159,XVA,FAKE_REPLACE_ME - Activity 15,FAKE_REPLACE_ME - SOG-079,FAKE_REPLACE_ME - Business 15
FAKE_REPLACE_ME - BOOK-0318 · TRADER-159,Hedges,FAKE_REPLACE_ME - Activity 15,FAKE_REPLACE_ME - SOG-079,FAKE_REPLACE_ME - Business 15
FAKE_REPLACE_ME - BOOK-0319 · TRADER-160,XVA,FAKE_REPLACE_ME - Activity 16,FAKE_REPLACE_ME - SOG-080,FAKE_REPLACE_ME - Business 16
FAKE_REPLACE_ME - BOOK-0320 · TRADER-160,Hedges,FAKE_REPLACE_ME - Activity 16,FAKE_REPLACE_ME - SOG-080,FAKE_REPLACE_ME - Business 16
FAKE_REPLACE_ME - BOOK-0321 · TRADER-001,XVA,FAKE_REPLACE_ME - Activity 17,FAKE_REPLACE_ME - SOG-001,FAKE_REPLACE_ME - Business 17
FAKE_REPLACE_ME - BOOK-0322 · TRADER-001,Hedges,FAKE_REPLACE_ME - Activity 17,FAKE_REPLACE_ME - SOG-001,FAKE_REPLACE_ME - Business 17
FAKE_REPLACE_ME - BOOK-0323 · TRADER-002,XVA,FAKE_REPLACE_ME - Activity 18,FAKE_REPLACE_ME - SOG-002,FAKE_REPLACE_ME - Business 18
FAKE_REPLACE_ME - BOOK-0324 · TRADER-002,Hedges,FAKE_REPLACE_ME - Activity 18,FAKE_REPLACE_ME - SOG-002,FAKE_REPLACE_ME - Business 18
FAKE_REPLACE_ME - BOOK-0325 · TRADER-003,XVA,FAKE_REPLACE_ME - Activity 19,FAKE_REPLACE_ME - SOG-003,FAKE_REPLACE_ME - Business 01
FAKE_REPLACE_ME - BOOK-0326 · TRADER-003,Hedges,FAKE_REPLACE_ME - Activity 19,FAKE_REPLACE_ME - SOG-003,FAKE_REPLACE_ME - Business 01
FAKE_REPLACE_ME - BOOK-0327 · TRADER-004,XVA,FAKE_REPLACE_ME - Activity 20,FAKE_REPLACE_ME - SOG-004,FAKE_REPLACE_ME - Business 02
FAKE_REPLACE_ME - BOOK-0328 · TRADER-004,Hedges,FAKE_REPLACE_ME - Activity 20,FAKE_REPLACE_ME - SOG-004,FAKE_REPLACE_ME - Business 02
FAKE_REPLACE_ME - BOOK-0329 · TRADER-005,XVA,FAKE_REPLACE_ME - Activity 21,FAKE_REPLACE_ME - SOG-005,FAKE_REPLACE_ME - Business 03
FAKE_REPLACE_ME - BOOK-0330 · TRADER-005,Hedges,FAKE_REPLACE_ME - Activity 21,FAKE_REPLACE_ME - SOG-005,FAKE_REPLACE_ME - Business 03
FAKE_REPLACE_ME - BOOK-0331 · TRADER-006,XVA,FAKE_REPLACE_ME - Activity 22,FAKE_REPLACE_ME - SOG-006,FAKE_REPLACE_ME - Business 04
FAKE_REPLACE_ME - BOOK-0332 · TRADER-006,Hedges,FAKE_REPLACE_ME - Activity 22,FAKE_REPLACE_ME - SOG-006,FAKE_REPLACE_ME - Business 04
FAKE_REPLACE_ME - BOOK-0333 · TRADER-007,XVA,FAKE_REPLACE_ME - Activity 23,FAKE_REPLACE_ME - SOG-007,FAKE_REPLACE_ME - Business 05
FAKE_REPLACE_ME - BOOK-0334 · TRADER-007,Hedges,FAKE_REPLACE_ME - Activity 23,FAKE_REPLACE_ME - SOG-007,FAKE_REPLACE_ME - Business 05
FAKE_REPLACE_ME - BOOK-0335 · TRADER-008,XVA,FAKE_REPLACE_ME - Activity 24,FAKE_REPLACE_ME - SOG-008,FAKE_REPLACE_ME - Business 06
FAKE_REPLACE_ME - BOOK-0336 · TRADER-008,Hedges,FAKE_REPLACE_ME - Activity 24,FAKE_REPLACE_ME - SOG-008,FAKE_REPLACE_ME - Business 06
FAKE_REPLACE_ME - BOOK-0337 · TRADER-009,XVA,FAKE_REPLACE_ME - Activity 1,FAKE_REPLACE_ME - SOG-009,FAKE_REPLACE_ME - Business 07
FAKE_REPLACE_ME - BOOK-0338 · TRADER-009,Hedges,FAKE_REPLACE_ME - Activity 1,FAKE_REPLACE_ME - SOG-009,FAKE_REPLACE_ME - Business 07
FAKE_REPLACE_ME - BOOK-0339 · TRADER-010,XVA,FAKE_REPLACE_ME - Activity 2,FAKE_REPLACE_ME - SOG-010,FAKE_REPLACE_ME - Business 08
FAKE_REPLACE_ME - BOOK-0340 · TRADER-010,Hedges,FAKE_REPLACE_ME - Activity 2,FAKE_REPLACE_ME - SOG-010,FAKE_REPLACE_ME - Business 08
FAKE_REPLACE_ME - BOOK-0341 · TRADER-011,XVA,FAKE_REPLACE_ME - Activity 3,FAKE_REPLACE_ME - SOG-011,FAKE_REPLACE_ME - Business 09
FAKE_REPLACE_ME - BOOK-0342 · TRADER-011,Hedges,FAKE_REPLACE_ME - Activity 3,FAKE_REPLACE_ME - SOG-011,FAKE_REPLACE_ME - Business 09
FAKE_REPLACE_ME - BOOK-0343 · TRADER-012,XVA,FAKE_REPLACE_ME - Activity 4,FAKE_REPLACE_ME - SOG-012,FAKE_REPLACE_ME - Business 10
FAKE_REPLACE_ME - BOOK-0344 · TRADER-012,Hedges,FAKE_REPLACE_ME - Activity 4,FAKE_REPLACE_ME - SOG-012,FAKE_REPLACE_ME - Business 10
FAKE_REPLACE_ME - BOOK-0345 · TRADER-013,XVA,FAKE_REPLACE_ME - Activity 5,FAKE_REPLACE_ME - SOG-013,FAKE_REPLACE_ME - Business 11
FAKE_REPLACE_ME - BOOK-0346 · TRADER-013,Hedges,FAKE_REPLACE_ME - Activity 5,FAKE_REPLACE_ME - SOG-013,FAKE_REPLACE_ME - Business 11
FAKE_REPLACE_ME - BOOK-0347 · TRADER-014,XVA,FAKE_REPLACE_ME - Activity 6,FAKE_REPLACE_ME - SOG-014,FAKE_REPLACE_ME - Business 12
FAKE_REPLACE_ME - BOOK-0348 · TRADER-014,Hedges,FAKE_REPLACE_ME - Activity 6,FAKE_REPLACE_ME - SOG-014,FAKE_REPLACE_ME - Business 12
FAKE_REPLACE_ME - BOOK-0349 · TRADER-015,XVA,FAKE_REPLACE_ME - Activity 7,FAKE_REPLACE_ME - SOG-015,FAKE_REPLACE_ME - Business 13
FAKE_REPLACE_ME - BOOK-0350 · TRADER-015,Hedges,FAKE_REPLACE_ME - Activity 7,FAKE_REPLACE_ME - SOG-015,FAKE_REPLACE_ME - Business 13
FAKE_REPLACE_ME - BOOK-0351 · TRADER-016,XVA,FAKE_REPLACE_ME - Activity 8,FAKE_REPLACE_ME - SOG-016,FAKE_REPLACE_ME - Business 14
FAKE_REPLACE_ME - BOOK-0352 · TRADER-016,Hedges,FAKE_REPLACE_ME - Activity 8,FAKE_REPLACE_ME - SOG-016,FAKE_REPLACE_ME - Business 14
FAKE_REPLACE_ME - BOOK-0353 · TRADER-017,XVA,FAKE_REPLACE_ME - Activity 9,FAKE_REPLACE_ME - SOG-017,FAKE_REPLACE_ME - Business 15
FAKE_REPLACE_ME - BOOK-0354 · TRADER-017,Hedges,FAKE_REPLACE_ME - Activity 9,FAKE_REPLACE_ME - SOG-017,FAKE_REPLACE_ME - Business 15
FAKE_REPLACE_ME - BOOK-0355 · TRADER-018,XVA,FAKE_REPLACE_ME - Activity 10,FAKE_REPLACE_ME - SOG-018,FAKE_REPLACE_ME - Business 16
FAKE_REPLACE_ME - BOOK-0356 · TRADER-018,Hedges,FAKE_REPLACE_ME - Activity 10,FAKE_REPLACE_ME - SOG-018,FAKE_REPLACE_ME - Business 16
FAKE_REPLACE_ME - BOOK-0357 · TRADER-019,XVA,FAKE_REPLACE_ME - Activity 11,FAKE_REPLACE_ME - SOG-019,FAKE_REPLACE_ME - Business 17
FAKE_REPLACE_ME - BOOK-0358 · TRADER-019,Hedges,FAKE_REPLACE_ME - Activity 11,FAKE_REPLACE_ME - SOG-019,FAKE_REPLACE_ME - Business 17
FAKE_REPLACE_ME - BOOK-0359 · TRADER-020,XVA,FAKE_REPLACE_ME - Activity 12,FAKE_REPLACE_ME - SOG-020,FAKE_REPLACE_ME - Business 18
FAKE_REPLACE_ME - BOOK-0360 · TRADER-020,Hedges,FAKE_REPLACE_ME - Activity 12,FAKE_REPLACE_ME - SOG-020,FAKE_REPLACE_ME - Business 18
FAKE_REPLACE_ME - BOOK-0361 · TRADER-021,XVA,FAKE_REPLACE_ME - Activity 13,FAKE_REPLACE_ME - SOG-021,FAKE_REPLACE_ME - Business 01
FAKE_REPLACE_ME - BOOK-0362 · TRADER-021,Hedges,FAKE_REPLACE_ME - Activity 13,FAKE_REPLACE_ME - SOG-021,FAKE_REPLACE_ME - Business 01
FAKE_REPLACE_ME - BOOK-0363 · TRADER-022,XVA,FAKE_REPLACE_ME - Activity 14,FAKE_REPLACE_ME - SOG-022,FAKE_REPLACE_ME - Business 02
FAKE_REPLACE_ME - BOOK-0364 · TRADER-022,Hedges,FAKE_REPLACE_ME - Activity 14,FAKE_REPLACE_ME - SOG-022,FAKE_REPLACE_ME - Business 02
FAKE_REPLACE_ME - BOOK-0365 · TRADER-023,XVA,FAKE_REPLACE_ME - Activity 15,FAKE_REPLACE_ME - SOG-023,FAKE_REPLACE_ME - Business 03
FAKE_REPLACE_ME - BOOK-0366 · TRADER-023,Hedges,FAKE_REPLACE_ME - Activity 15,FAKE_REPLACE_ME - SOG-023,FAKE_REPLACE_ME - Business 03
FAKE_REPLACE_ME - BOOK-0367 · TRADER-024,XVA,FAKE_REPLACE_ME - Activity 16,FAKE_REPLACE_ME - SOG-024,FAKE_REPLACE_ME - Business 04
FAKE_REPLACE_ME - BOOK-0368 · TRADER-024,Hedges,FAKE_REPLACE_ME - Activity 16,FAKE_REPLACE_ME - SOG-024,FAKE_REPLACE_ME - Business 04
FAKE_REPLACE_ME - BOOK-0369 · TRADER-025,XVA,FAKE_REPLACE_ME - Activity 17,FAKE_REPLACE_ME - SOG-025,FAKE_REPLACE_ME - Business 05
FAKE_REPLACE_ME - BOOK-0370 · TRADER-025,Hedges,FAKE_REPLACE_ME - Activity 17,FAKE_REPLACE_ME - SOG-025,FAKE_REPLACE_ME - Business 05
FAKE_REPLACE_ME - BOOK-0371 · TRADER-026,XVA,FAKE_REPLACE_ME - Activity 18,FAKE_REPLACE_ME - SOG-026,FAKE_REPLACE_ME - Business 06
FAKE_REPLACE_ME - BOOK-0372 · TRADER-026,Hedges,FAKE_REPLACE_ME - Activity 18,FAKE_REPLACE_ME - SOG-026,FAKE_REPLACE_ME - Business 06
FAKE_REPLACE_ME - BOOK-0373 · TRADER-027,XVA,FAKE_REPLACE_ME - Activity 19,FAKE_REPLACE_ME - SOG-027,FAKE_REPLACE_ME - Business 07
FAKE_REPLACE_ME - BOOK-0374 · TRADER-027,Hedges,FAKE_REPLACE_ME - Activity 19,FAKE_REPLACE_ME - SOG-027,FAKE_REPLACE_ME - Business 07
FAKE_REPLACE_ME - BOOK-0375 · TRADER-028,XVA,FAKE_REPLACE_ME - Activity 20,FAKE_REPLACE_ME - SOG-028,FAKE_REPLACE_ME - Business 08
FAKE_REPLACE_ME - BOOK-0376 · TRADER-028,Hedges,FAKE_REPLACE_ME - Activity 20,FAKE_REPLACE_ME - SOG-028,FAKE_REPLACE_ME - Business 08
FAKE_REPLACE_ME - BOOK-0377 · TRADER-029,XVA,FAKE_REPLACE_ME - Activity 21,FAKE_REPLACE_ME - SOG-029,FAKE_REPLACE_ME - Business 09
FAKE_REPLACE_ME - BOOK-0378 · TRADER-029,Hedges,FAKE_REPLACE_ME - Activity 21,FAKE_REPLACE_ME - SOG-029,FAKE_REPLACE_ME - Business 09
FAKE_REPLACE_ME - BOOK-0379 · TRADER-030,XVA,FAKE_REPLACE_ME - Activity 22,FAKE_REPLACE_ME - SOG-030,FAKE_REPLACE_ME - Business 10
FAKE_REPLACE_ME - BOOK-0380 · TRADER-030,Hedges,FAKE_REPLACE_ME - Activity 22,FAKE_REPLACE_ME - SOG-030,FAKE_REPLACE_ME - Business 10
FAKE_REPLACE_ME - BOOK-0381 · TRADER-031,XVA,FAKE_REPLACE_ME - Activity 23,FAKE_REPLACE_ME - SOG-031,FAKE_REPLACE_ME - Business 11
FAKE_REPLACE_ME - BOOK-0382 · TRADER-031,Hedges,FAKE_REPLACE_ME - Activity 23,FAKE_REPLACE_ME - SOG-031,FAKE_REPLACE_ME - Business 11
FAKE_REPLACE_ME - BOOK-0383 · TRADER-032,XVA,FAKE_REPLACE_ME - Activity 24,FAKE_REPLACE_ME - SOG-032,FAKE_REPLACE_ME - Business 12
FAKE_REPLACE_ME - BOOK-0384 · TRADER-032,Hedges,FAKE_REPLACE_ME - Activity 24,FAKE_REPLACE_ME - SOG-032,FAKE_REPLACE_ME - Business 12
FAKE_REPLACE_ME - BOOK-0385 · TRADER-033,XVA,FAKE_REPLACE_ME - Activity 1,FAKE_REPLACE_ME - SOG-033,FAKE_REPLACE_ME - Business 13
FAKE_REPLACE_ME - BOOK-0386 · TRADER-033,Hedges,FAKE_REPLACE_ME - Activity 1,FAKE_REPLACE_ME - SOG-033,FAKE_REPLACE_ME - Business 13
FAKE_REPLACE_ME - BOOK-0387 · TRADER-034,XVA,FAKE_REPLACE_ME - Activity 2,FAKE_REPLACE_ME - SOG-034,FAKE_REPLACE_ME - Business 14
FAKE_REPLACE_ME - BOOK-0388 · TRADER-034,Hedges,FAKE_REPLACE_ME - Activity 2,FAKE_REPLACE_ME - SOG-034,FAKE_REPLACE_ME - Business 14
FAKE_REPLACE_ME - BOOK-0389 · TRADER-035,XVA,FAKE_REPLACE_ME - Activity 3,FAKE_REPLACE_ME - SOG-035,FAKE_REPLACE_ME - Business 15
FAKE_REPLACE_ME - BOOK-0390 · TRADER-035,Hedges,FAKE_REPLACE_ME - Activity 3,FAKE_REPLACE_ME - SOG-035,FAKE_REPLACE_ME - Business 15
FAKE_REPLACE_ME - BOOK-0391 · TRADER-036,XVA,FAKE_REPLACE_ME - Activity 4,FAKE_REPLACE_ME - SOG-036,FAKE_REPLACE_ME - Business 16
FAKE_REPLACE_ME - BOOK-0392 · TRADER-036,Hedges,FAKE_REPLACE_ME - Activity 4,FAKE_REPLACE_ME - SOG-036,FAKE_REPLACE_ME - Business 16
FAKE_REPLACE_ME - BOOK-0393 · TRADER-037,XVA,FAKE_REPLACE_ME - Activity 5,FAKE_REPLACE_ME - SOG-037,FAKE_REPLACE_ME - Business 17
FAKE_REPLACE_ME - BOOK-0394 · TRADER-037,Hedges,FAKE_REPLACE_ME - Activity 5,FAKE_REPLACE_ME - SOG-037,FAKE_REPLACE_ME - Business 17
FAKE_REPLACE_ME - BOOK-0395 · TRADER-038,XVA,FAKE_REPLACE_ME - Activity 6,FAKE_REPLACE_ME - SOG-038,FAKE_REPLACE_ME - Business 18
FAKE_REPLACE_ME - BOOK-0396 · TRADER-038,Hedges,FAKE_REPLACE_ME - Activity 6,FAKE_REPLACE_ME - SOG-038,FAKE_REPLACE_ME - Business 18
FAKE_REPLACE_ME - BOOK-0397 · TRADER-039,XVA,FAKE_REPLACE_ME - Activity 7,FAKE_REPLACE_ME - SOG-039,FAKE_REPLACE_ME - Business 01
FAKE_REPLACE_ME - BOOK-0398 · TRADER-039,Hedges,FAKE_REPLACE_ME - Activity 7,FAKE_REPLACE_ME - SOG-039,FAKE_REPLACE_ME - Business 01
FAKE_REPLACE_ME - BOOK-0399 · TRADER-040,XVA,FAKE_REPLACE_ME - Activity 8,FAKE_REPLACE_ME - SOG-040,FAKE_REPLACE_ME - Business 02
FAKE_REPLACE_ME - BOOK-0400 · TRADER-040,Hedges,FAKE_REPLACE_ME - Activity 8,FAKE_REPLACE_ME - SOG-040,FAKE_REPLACE_ME - Business 02
FAKE_REPLACE_ME - BOOK-0401 · TRADER-041,XVA,FAKE_REPLACE_ME - Activity 9,FAKE_REPLACE_ME - SOG-041,FAKE_REPLACE_ME - Business 03
FAKE_REPLACE_ME - BOOK-0402 · TRADER-041,Hedges,FAKE_REPLACE_ME - Activity 9,FAKE_REPLACE_ME - SOG-041,FAKE_REPLACE_ME - Business 03
FAKE_REPLACE_ME - BOOK-0403 · TRADER-042,XVA,FAKE_REPLACE_ME - Activity 10,FAKE_REPLACE_ME - SOG-042,FAKE_REPLACE_ME - Business 04
FAKE_REPLACE_ME - BOOK-0404 · TRADER-042,Hedges,FAKE_REPLACE_ME - Activity 10,FAKE_REPLACE_ME - SOG-042,FAKE_REPLACE_ME - Business 04
FAKE_REPLACE_ME - BOOK-0405 · TRADER-043,XVA,FAKE_REPLACE_ME - Activity 11,FAKE_REPLACE_ME - SOG-043,FAKE_REPLACE_ME - Business 05
FAKE_REPLACE_ME - BOOK-0406 · TRADER-043,Hedges,FAKE_REPLACE_ME - Activity 11,FAKE_REPLACE_ME - SOG-043,FAKE_REPLACE_ME - Business 05
FAKE_REPLACE_ME - BOOK-0407 · TRADER-044,XVA,FAKE_REPLACE_ME - Activity 12,FAKE_REPLACE_ME - SOG-044,FAKE_REPLACE_ME - Business 06
FAKE_REPLACE_ME - BOOK-0408 · TRADER-044,Hedges,FAKE_REPLACE_ME - Activity 12,FAKE_REPLACE_ME - SOG-044,FAKE_REPLACE_ME - Business 06
FAKE_REPLACE_ME - BOOK-0409 · TRADER-045,XVA,FAKE_REPLACE_ME - Activity 13,FAKE_REPLACE_ME - SOG-045,FAKE_REPLACE_ME - Business 07
FAKE_REPLACE_ME - BOOK-0410 · TRADER-045,Hedges,FAKE_REPLACE_ME - Activity 13,FAKE_REPLACE_ME - SOG-045,FAKE_REPLACE_ME - Business 07
FAKE_REPLACE_ME - BOOK-0411 · TRADER-046,XVA,FAKE_REPLACE_ME - Activity 14,FAKE_REPLACE_ME - SOG-046,FAKE_REPLACE_ME - Business 08
FAKE_REPLACE_ME - BOOK-0412 · TRADER-046,Hedges,FAKE_REPLACE_ME - Activity 14,FAKE_REPLACE_ME - SOG-046,FAKE_REPLACE_ME - Business 08
FAKE_REPLACE_ME - BOOK-0413 · TRADER-047,XVA,FAKE_REPLACE_ME - Activity 15,FAKE_REPLACE_ME - SOG-047,FAKE_REPLACE_ME - Business 09
FAKE_REPLACE_ME - BOOK-0414 · TRADER-047,Hedges,FAKE_REPLACE_ME - Activity 15,FAKE_REPLACE_ME - SOG-047,FAKE_REPLACE_ME - Business 09
FAKE_REPLACE_ME - BOOK-0415 · TRADER-048,XVA,FAKE_REPLACE_ME - Activity 16,FAKE_REPLACE_ME - SOG-048,FAKE_REPLACE_ME - Business 10
FAKE_REPLACE_ME - BOOK-0416 · TRADER-048,Hedges,FAKE_REPLACE_ME - Activity 16,FAKE_REPLACE_ME - SOG-048,FAKE_REPLACE_ME - Business 10
FAKE_REPLACE_ME - BOOK-0417 · TRADER-049,XVA,FAKE_REPLACE_ME - Activity 17,FAKE_REPLACE_ME - SOG-049,FAKE_REPLACE_ME - Business 11
FAKE_REPLACE_ME - BOOK-0418 · TRADER-049,Hedges,FAKE_REPLACE_ME - Activity 17,FAKE_REPLACE_ME - SOG-049,FAKE_REPLACE_ME - Business 11
FAKE_REPLACE_ME - BOOK-0419 · TRADER-050,XVA,FAKE_REPLACE_ME - Activity 18,FAKE_REPLACE_ME - SOG-050,FAKE_REPLACE_ME - Business 12
FAKE_REPLACE_ME - BOOK-0420 · TRADER-050,Hedges,FAKE_REPLACE_ME - Activity 18,FAKE_REPLACE_ME - SOG-050,FAKE_REPLACE_ME - Business 12
FAKE_REPLACE_ME - BOOK-0421 · TRADER-051,XVA,FAKE_REPLACE_ME - Activity 19,FAKE_REPLACE_ME - SOG-051,FAKE_REPLACE_ME - Business 13
FAKE_REPLACE_ME - BOOK-0422 · TRADER-051,Hedges,FAKE_REPLACE_ME - Activity 19,FAKE_REPLACE_ME - SOG-051,FAKE_REPLACE_ME - Business 13
FAKE_REPLACE_ME - BOOK-0423 · TRADER-052,XVA,FAKE_REPLACE_ME - Activity 20,FAKE_REPLACE_ME - SOG-052,FAKE_REPLACE_ME - Business 14
FAKE_REPLACE_ME - BOOK-0424 · TRADER-052,Hedges,FAKE_REPLACE_ME - Activity 20,FAKE_REPLACE_ME - SOG-052,FAKE_REPLACE_ME - Business 14
FAKE_REPLACE_ME - BOOK-0425 · TRADER-053,XVA,FAKE_REPLACE_ME - Activity 21,FAKE_REPLACE_ME - SOG-053,FAKE_REPLACE_ME - Business 15
FAKE_REPLACE_ME - BOOK-0426 · TRADER-053,Hedges,FAKE_REPLACE_ME - Activity 21,FAKE_REPLACE_ME - SOG-053,FAKE_REPLACE_ME - Business 15
FAKE_REPLACE_ME - BOOK-0427 · TRADER-054,XVA,FAKE_REPLACE_ME - Activity 22,FAKE_REPLACE_ME - SOG-054,FAKE_REPLACE_ME - Business 16
FAKE_REPLACE_ME - BOOK-0428 · TRADER-054,Hedges,FAKE_REPLACE_ME - Activity 22,FAKE_REPLACE_ME - SOG-054,FAKE_REPLACE_ME - Business 16
FAKE_REPLACE_ME - BOOK-0429 · TRADER-055,XVA,FAKE_REPLACE_ME - Activity 23,FAKE_REPLACE_ME - SOG-055,FAKE_REPLACE_ME - Business 17
FAKE_REPLACE_ME - BOOK-0430 · TRADER-055,Hedges,FAKE_REPLACE_ME - Activity 23,FAKE_REPLACE_ME - SOG-055,FAKE_REPLACE_ME - Business 17
FAKE_REPLACE_ME - BOOK-0431 · TRADER-056,XVA,FAKE_REPLACE_ME - Activity 24,FAKE_REPLACE_ME - SOG-056,FAKE_REPLACE_ME - Business 18
FAKE_REPLACE_ME - BOOK-0432 · TRADER-056,Hedges,FAKE_REPLACE_ME - Activity 24,FAKE_REPLACE_ME - SOG-056,FAKE_REPLACE_ME - Business 18
FAKE_REPLACE_ME - BOOK-0433 · TRADER-057,XVA,FAKE_REPLACE_ME - Activity 1,FAKE_REPLACE_ME - SOG-057,FAKE_REPLACE_ME - Business 01
FAKE_REPLACE_ME - BOOK-0434 · TRADER-057,Hedges,FAKE_REPLACE_ME - Activity 1,FAKE_REPLACE_ME - SOG-057,FAKE_REPLACE_ME - Business 01
FAKE_REPLACE_ME - BOOK-0435 · TRADER-058,XVA,FAKE_REPLACE_ME - Activity 2,FAKE_REPLACE_ME - SOG-058,FAKE_REPLACE_ME - Business 02
FAKE_REPLACE_ME - BOOK-0436 · TRADER-058,Hedges,FAKE_REPLACE_ME - Activity 2,FAKE_REPLACE_ME - SOG-058,FAKE_REPLACE_ME - Business 02
FAKE_REPLACE_ME - BOOK-0437 · TRADER-059,XVA,FAKE_REPLACE_ME - Activity 3,FAKE_REPLACE_ME - SOG-059,FAKE_REPLACE_ME - Business 03
FAKE_REPLACE_ME - BOOK-0438 · TRADER-059,Hedges,FAKE_REPLACE_ME - Activity 3,FAKE_REPLACE_ME - SOG-059,FAKE_REPLACE_ME - Business 03
FAKE_REPLACE_ME - BOOK-0439 · TRADER-060,XVA,FAKE_REPLACE_ME - Activity 4,FAKE_REPLACE_ME - SOG-060,FAKE_REPLACE_ME - Business 04
FAKE_REPLACE_ME - BOOK-0440 · TRADER-060,Hedges,FAKE_REPLACE_ME - Activity 4,FAKE_REPLACE_ME - SOG-060,FAKE_REPLACE_ME - Business 04
FAKE_REPLACE_ME - BOOK-0441 · TRADER-061,XVA,FAKE_REPLACE_ME - Activity 5,FAKE_REPLACE_ME - SOG-061,FAKE_REPLACE_ME - Business 05
FAKE_REPLACE_ME - BOOK-0442 · TRADER-061,Hedges,FAKE_REPLACE_ME - Activity 5,FAKE_REPLACE_ME - SOG-061,FAKE_REPLACE_ME - Business 05
FAKE_REPLACE_ME - BOOK-0443 · TRADER-062,XVA,FAKE_REPLACE_ME - Activity 6,FAKE_REPLACE_ME - SOG-062,FAKE_REPLACE_ME - Business 06
FAKE_REPLACE_ME - BOOK-0444 · TRADER-062,Hedges,FAKE_REPLACE_ME - Activity 6,FAKE_REPLACE_ME - SOG-062,FAKE_REPLACE_ME - Business 06
FAKE_REPLACE_ME - BOOK-0445 · TRADER-063,XVA,FAKE_REPLACE_ME - Activity 7,FAKE_REPLACE_ME - SOG-063,FAKE_REPLACE_ME - Business 07
FAKE_REPLACE_ME - BOOK-0446 · TRADER-063,Hedges,FAKE_REPLACE_ME - Activity 7,FAKE_REPLACE_ME - SOG-063,FAKE_REPLACE_ME - Business 07
FAKE_REPLACE_ME - BOOK-0447 · TRADER-064,XVA,FAKE_REPLACE_ME - Activity 8,FAKE_REPLACE_ME - SOG-064,FAKE_REPLACE_ME - Business 08
FAKE_REPLACE_ME - BOOK-0448 · TRADER-064,Hedges,FAKE_REPLACE_ME - Activity 8,FAKE_REPLACE_ME - SOG-064,FAKE_REPLACE_ME - Business 08
FAKE_REPLACE_ME - BOOK-0449 · TRADER-065,XVA,FAKE_REPLACE_ME - Activity 9,FAKE_REPLACE_ME - SOG-065,FAKE_REPLACE_ME - Business 09
FAKE_REPLACE_ME - BOOK-0450 · TRADER-065,Hedges,FAKE_REPLACE_ME - Activity 9,FAKE_REPLACE_ME - SOG-065,FAKE_REPLACE_ME - Business 09
FAKE_REPLACE_ME - BOOK-0451 · TRADER-066,XVA,FAKE_REPLACE_ME - Activity 10,FAKE_REPLACE_ME - SOG-066,FAKE_REPLACE_ME - Business 10
FAKE_REPLACE_ME - BOOK-0452 · TRADER-066,Hedges,FAKE_REPLACE_ME - Activity 10,FAKE_REPLACE_ME - SOG-066,FAKE_REPLACE_ME - Business 10
FAKE_REPLACE_ME - BOOK-0453 · TRADER-067,XVA,FAKE_REPLACE_ME - Activity 11,FAKE_REPLACE_ME - SOG-067,FAKE_REPLACE_ME - Business 11
FAKE_REPLACE_ME - BOOK-0454 · TRADER-067,Hedges,FAKE_REPLACE_ME - Activity 11,FAKE_REPLACE_ME - SOG-067,FAKE_REPLACE_ME - Business 11
FAKE_REPLACE_ME - BOOK-0455 · TRADER-068,XVA,FAKE_REPLACE_ME - Activity 12,FAKE_REPLACE_ME - SOG-068,FAKE_REPLACE_ME - Business 12
FAKE_REPLACE_ME - BOOK-0456 · TRADER-068,Hedges,FAKE_REPLACE_ME - Activity 12,FAKE_REPLACE_ME - SOG-068,FAKE_REPLACE_ME - Business 12
FAKE_REPLACE_ME - BOOK-0457 · TRADER-069,XVA,FAKE_REPLACE_ME - Activity 13,FAKE_REPLACE_ME - SOG-069,FAKE_REPLACE_ME - Business 13
FAKE_REPLACE_ME - BOOK-0458 · TRADER-069,Hedges,FAKE_REPLACE_ME - Activity 13,FAKE_REPLACE_ME - SOG-069,FAKE_REPLACE_ME - Business 13
FAKE_REPLACE_ME - BOOK-0459 · TRADER-070,XVA,FAKE_REPLACE_ME - Activity 14,FAKE_REPLACE_ME - SOG-070,FAKE_REPLACE_ME - Business 14
FAKE_REPLACE_ME - BOOK-0460 · TRADER-070,Hedges,FAKE_REPLACE_ME - Activity 14,FAKE_REPLACE_ME - SOG-070,FAKE_REPLACE_ME - Business 14
FAKE_REPLACE_ME - BOOK-0461 · TRADER-071,XVA,FAKE_REPLACE_ME - Activity 15,FAKE_REPLACE_ME - SOG-071,FAKE_REPLACE_ME - Business 15
FAKE_REPLACE_ME - BOOK-0462 · TRADER-071,Hedges,FAKE_REPLACE_ME - Activity 15,FAKE_REPLACE_ME - SOG-071,FAKE_REPLACE_ME - Business 15
FAKE_REPLACE_ME - BOOK-0463 · TRADER-072,XVA,FAKE_REPLACE_ME - Activity 16,FAKE_REPLACE_ME - SOG-072,FAKE_REPLACE_ME - Business 16
FAKE_REPLACE_ME - BOOK-0464 · TRADER-072,Hedges,FAKE_REPLACE_ME - Activity 16,FAKE_REPLACE_ME - SOG-072,FAKE_REPLACE_ME - Business 16
FAKE_REPLACE_ME - BOOK-0465 · TRADER-073,XVA,FAKE_REPLACE_ME - Activity 17,FAKE_REPLACE_ME - SOG-073,FAKE_REPLACE_ME - Business 17
FAKE_REPLACE_ME - BOOK-0466 · TRADER-073,Hedges,FAKE_REPLACE_ME - Activity 17,FAKE_REPLACE_ME - SOG-073,FAKE_REPLACE_ME - Business 17
FAKE_REPLACE_ME - BOOK-0467 · TRADER-074,XVA,FAKE_REPLACE_ME - Activity 18,FAKE_REPLACE_ME - SOG-074,FAKE_REPLACE_ME - Business 18
FAKE_REPLACE_ME - BOOK-0468 · TRADER-074,Hedges,FAKE_REPLACE_ME - Activity 18,FAKE_REPLACE_ME - SOG-074,FAKE_REPLACE_ME - Business 18
FAKE_REPLACE_ME - BOOK-0469 · TRADER-075,XVA,FAKE_REPLACE_ME - Activity 19,FAKE_REPLACE_ME - SOG-075,FAKE_REPLACE_ME - Business 01
FAKE_REPLACE_ME - BOOK-0470 · TRADER-075,Hedges,FAKE_REPLACE_ME - Activity 19,FAKE_REPLACE_ME - SOG-075,FAKE_REPLACE_ME - Business 01
FAKE_REPLACE_ME - BOOK-0471 · TRADER-076,XVA,FAKE_REPLACE_ME - Activity 20,FAKE_REPLACE_ME - SOG-076,FAKE_REPLACE_ME - Business 02
FAKE_REPLACE_ME - BOOK-0472 · TRADER-076,Hedges,FAKE_REPLACE_ME - Activity 20,FAKE_REPLACE_ME - SOG-076,FAKE_REPLACE_ME - Business 02
FAKE_REPLACE_ME - BOOK-0473 · TRADER-077,XVA,FAKE_REPLACE_ME - Activity 21,FAKE_REPLACE_ME - SOG-077,FAKE_REPLACE_ME - Business 03
FAKE_REPLACE_ME - BOOK-0474 · TRADER-077,Hedges,FAKE_REPLACE_ME - Activity 21,FAKE_REPLACE_ME - SOG-077,FAKE_REPLACE_ME - Business 03
FAKE_REPLACE_ME - BOOK-0475 · TRADER-078,XVA,FAKE_REPLACE_ME - Activity 22,FAKE_REPLACE_ME - SOG-078,FAKE_REPLACE_ME - Business 04
FAKE_REPLACE_ME - BOOK-0476 · TRADER-078,Hedges,FAKE_REPLACE_ME - Activity 22,FAKE_REPLACE_ME - SOG-078,FAKE_REPLACE_ME - Business 04
FAKE_REPLACE_ME - BOOK-0477 · TRADER-079,XVA,FAKE_REPLACE_ME - Activity 23,FAKE_REPLACE_ME - SOG-079,FAKE_REPLACE_ME - Business 05
FAKE_REPLACE_ME - BOOK-0478 · TRADER-079,Hedges,FAKE_REPLACE_ME - Activity 23,FAKE_REPLACE_ME - SOG-079,FAKE_REPLACE_ME - Business 05
FAKE_REPLACE_ME - BOOK-0479 · TRADER-080,XVA,FAKE_REPLACE_ME - Activity 24,FAKE_REPLACE_ME - SOG-080,FAKE_REPLACE_ME - Business 06
FAKE_REPLACE_ME - BOOK-0480 · TRADER-080,Hedges,FAKE_REPLACE_ME - Activity 24,FAKE_REPLACE_ME - SOG-080,FAKE_REPLACE_ME - Business 06
FAKE_REPLACE_ME - BOOK-0481 · TRADER-081,XVA,FAKE_REPLACE_ME - Activity 1,FAKE_REPLACE_ME - SOG-001,FAKE_REPLACE_ME - Business 07
FAKE_REPLACE_ME - BOOK-0482 · TRADER-081,Hedges,FAKE_REPLACE_ME - Activity 1,FAKE_REPLACE_ME - SOG-001,FAKE_REPLACE_ME - Business 07
FAKE_REPLACE_ME - BOOK-0483 · TRADER-082,XVA,FAKE_REPLACE_ME - Activity 2,FAKE_REPLACE_ME - SOG-002,FAKE_REPLACE_ME - Business 08
FAKE_REPLACE_ME - BOOK-0484 · TRADER-082,Hedges,FAKE_REPLACE_ME - Activity 2,FAKE_REPLACE_ME - SOG-002,FAKE_REPLACE_ME - Business 08
FAKE_REPLACE_ME - BOOK-0485 · TRADER-083,XVA,FAKE_REPLACE_ME - Activity 3,FAKE_REPLACE_ME - SOG-003,FAKE_REPLACE_ME - Business 09
FAKE_REPLACE_ME - BOOK-0486 · TRADER-083,Hedges,FAKE_REPLACE_ME - Activity 3,FAKE_REPLACE_ME - SOG-003,FAKE_REPLACE_ME - Business 09
FAKE_REPLACE_ME - BOOK-0487 · TRADER-084,XVA,FAKE_REPLACE_ME - Activity 4,FAKE_REPLACE_ME - SOG-004,FAKE_REPLACE_ME - Business 10
FAKE_REPLACE_ME - BOOK-0488 · TRADER-084,Hedges,FAKE_REPLACE_ME - Activity 4,FAKE_REPLACE_ME - SOG-004,FAKE_REPLACE_ME - Business 10
FAKE_REPLACE_ME - BOOK-0489 · TRADER-085,XVA,FAKE_REPLACE_ME - Activity 5,FAKE_REPLACE_ME - SOG-005,FAKE_REPLACE_ME - Business 11
FAKE_REPLACE_ME - BOOK-0490 · TRADER-085,Hedges,FAKE_REPLACE_ME - Activity 5,FAKE_REPLACE_ME - SOG-005,FAKE_REPLACE_ME - Business 11
FAKE_REPLACE_ME - BOOK-0491 · TRADER-086,XVA,FAKE_REPLACE_ME - Activity 6,FAKE_REPLACE_ME - SOG-006,FAKE_REPLACE_ME - Business 12
FAKE_REPLACE_ME - BOOK-0492 · TRADER-086,Hedges,FAKE_REPLACE_ME - Activity 6,FAKE_REPLACE_ME - SOG-006,FAKE_REPLACE_ME - Business 12
FAKE_REPLACE_ME - BOOK-0493 · TRADER-087,XVA,FAKE_REPLACE_ME - Activity 7,FAKE_REPLACE_ME - SOG-007,FAKE_REPLACE_ME - Business 13
FAKE_REPLACE_ME - BOOK-0494 · TRADER-087,Hedges,FAKE_REPLACE_ME - Activity 7,FAKE_REPLACE_ME - SOG-007,FAKE_REPLACE_ME - Business 13
FAKE_REPLACE_ME - BOOK-0495 · TRADER-088,XVA,FAKE_REPLACE_ME - Activity 8,FAKE_REPLACE_ME - SOG-008,FAKE_REPLACE_ME - Business 14
FAKE_REPLACE_ME - BOOK-0496 · TRADER-088,Hedges,FAKE_REPLACE_ME - Activity 8,FAKE_REPLACE_ME - SOG-008,FAKE_REPLACE_ME - Business 14
FAKE_REPLACE_ME - BOOK-0497 · TRADER-089,XVA,FAKE_REPLACE_ME - Activity 9,FAKE_REPLACE_ME - SOG-009,FAKE_REPLACE_ME - Business 15
FAKE_REPLACE_ME - BOOK-0498 · TRADER-089,Hedges,FAKE_REPLACE_ME - Activity 9,FAKE_REPLACE_ME - SOG-009,FAKE_REPLACE_ME - Business 15
FAKE_REPLACE_ME - BOOK-0499 · TRADER-090,XVA,FAKE_REPLACE_ME - Activity 10,FAKE_REPLACE_ME - SOG-010,FAKE_REPLACE_ME - Business 16
FAKE_REPLACE_ME - BOOK-0500 · TRADER-090,Hedges,FAKE_REPLACE_ME - Activity 10,FAKE_REPLACE_ME - SOG-010,FAKE_REPLACE_ME - Business 16
FAKE_REPLACE_ME - BOOK-0501 · TRADER-091,XVA,FAKE_REPLACE_ME - Activity 11,FAKE_REPLACE_ME - SOG-011,FAKE_REPLACE_ME - Business 17
FAKE_REPLACE_ME - BOOK-0502 · TRADER-091,Hedges,FAKE_REPLACE_ME - Activity 11,FAKE_REPLACE_ME - SOG-011,FAKE_REPLACE_ME - Business 17
FAKE_REPLACE_ME - BOOK-0503 · TRADER-092,XVA,FAKE_REPLACE_ME - Activity 12,FAKE_REPLACE_ME - SOG-012,FAKE_REPLACE_ME - Business 18
FAKE_REPLACE_ME - BOOK-0504 · TRADER-092,Hedges,FAKE_REPLACE_ME - Activity 12,FAKE_REPLACE_ME - SOG-012,FAKE_REPLACE_ME - Business 18
FAKE_REPLACE_ME - BOOK-0505 · TRADER-093,XVA,FAKE_REPLACE_ME - Activity 13,FAKE_REPLACE_ME - SOG-013,FAKE_REPLACE_ME - Business 01
FAKE_REPLACE_ME - BOOK-0506 · TRADER-093,Hedges,FAKE_REPLACE_ME - Activity 13,FAKE_REPLACE_ME - SOG-013,FAKE_REPLACE_ME - Business 01
FAKE_REPLACE_ME - BOOK-0507 · TRADER-094,XVA,FAKE_REPLACE_ME - Activity 14,FAKE_REPLACE_ME - SOG-014,FAKE_REPLACE_ME - Business 02
FAKE_REPLACE_ME - BOOK-0508 · TRADER-094,Hedges,FAKE_REPLACE_ME - Activity 14,FAKE_REPLACE_ME - SOG-014,FAKE_REPLACE_ME - Business 02
FAKE_REPLACE_ME - BOOK-0509 · TRADER-095,XVA,FAKE_REPLACE_ME - Activity 15,FAKE_REPLACE_ME - SOG-015,FAKE_REPLACE_ME - Business 03
FAKE_REPLACE_ME - BOOK-0510 · TRADER-095,Hedges,FAKE_REPLACE_ME - Activity 15,FAKE_REPLACE_ME - SOG-015,FAKE_REPLACE_ME - Business 03
FAKE_REPLACE_ME - BOOK-0511 · TRADER-096,XVA,FAKE_REPLACE_ME - Activity 16,FAKE_REPLACE_ME - SOG-016,FAKE_REPLACE_ME - Business 04
FAKE_REPLACE_ME - BOOK-0512 · TRADER-096,Hedges,FAKE_REPLACE_ME - Activity 16,FAKE_REPLACE_ME - SOG-016,FAKE_REPLACE_ME - Business 04
FAKE_REPLACE_ME - BOOK-0513 · TRADER-097,XVA,FAKE_REPLACE_ME - Activity 17,FAKE_REPLACE_ME - SOG-017,FAKE_REPLACE_ME - Business 05
FAKE_REPLACE_ME - BOOK-0514 · TRADER-097,Hedges,FAKE_REPLACE_ME - Activity 17,FAKE_REPLACE_ME - SOG-017,FAKE_REPLACE_ME - Business 05
FAKE_REPLACE_ME - BOOK-0515 · TRADER-098,XVA,FAKE_REPLACE_ME - Activity 18,FAKE_REPLACE_ME - SOG-018,FAKE_REPLACE_ME - Business 06
FAKE_REPLACE_ME - BOOK-0516 · TRADER-098,Hedges,FAKE_REPLACE_ME - Activity 18,FAKE_REPLACE_ME - SOG-018,FAKE_REPLACE_ME - Business 06
FAKE_REPLACE_ME - BOOK-0517 · TRADER-099,XVA,FAKE_REPLACE_ME - Activity 19,FAKE_REPLACE_ME - SOG-019,FAKE_REPLACE_ME - Business 07
FAKE_REPLACE_ME - BOOK-0518 · TRADER-099,Hedges,FAKE_REPLACE_ME - Activity 19,FAKE_REPLACE_ME - SOG-019,FAKE_REPLACE_ME - Business 07
FAKE_REPLACE_ME - BOOK-0519 · TRADER-100,XVA,FAKE_REPLACE_ME - Activity 20,FAKE_REPLACE_ME - SOG-020,FAKE_REPLACE_ME - Business 08
FAKE_REPLACE_ME - BOOK-0520 · TRADER-100,Hedges,FAKE_REPLACE_ME - Activity 20,FAKE_REPLACE_ME - SOG-020,FAKE_REPLACE_ME - Business 08
FAKE_REPLACE_ME - BOOK-0521 · TRADER-101,XVA,FAKE_REPLACE_ME - Activity 21,FAKE_REPLACE_ME - SOG-021,FAKE_REPLACE_ME - Business 09
FAKE_REPLACE_ME - BOOK-0522 · TRADER-101,Hedges,FAKE_REPLACE_ME - Activity 21,FAKE_REPLACE_ME - SOG-021,FAKE_REPLACE_ME - Business 09
FAKE_REPLACE_ME - BOOK-0523 · TRADER-102,XVA,FAKE_REPLACE_ME - Activity 22,FAKE_REPLACE_ME - SOG-022,FAKE_REPLACE_ME - Business 10
FAKE_REPLACE_ME - BOOK-0524 · TRADER-102,Hedges,FAKE_REPLACE_ME - Activity 22,FAKE_REPLACE_ME - SOG-022,FAKE_REPLACE_ME - Business 10
FAKE_REPLACE_ME - BOOK-0525 · TRADER-103,XVA,FAKE_REPLACE_ME - Activity 23,FAKE_REPLACE_ME - SOG-023,FAKE_REPLACE_ME - Business 11
FAKE_REPLACE_ME - BOOK-0526 · TRADER-103,Hedges,FAKE_REPLACE_ME - Activity 23,FAKE_REPLACE_ME - SOG-023,FAKE_REPLACE_ME - Business 11
FAKE_REPLACE_ME - BOOK-0527 · TRADER-104,XVA,FAKE_REPLACE_ME - Activity 24,FAKE_REPLACE_ME - SOG-024,FAKE_REPLACE_ME - Business 12
FAKE_REPLACE_ME - BOOK-0528 · TRADER-104,Hedges,FAKE_REPLACE_ME - Activity 24,FAKE_REPLACE_ME - SOG-024,FAKE_REPLACE_ME - Business 12
FAKE_REPLACE_ME - BOOK-0529 · TRADER-105,XVA,FAKE_REPLACE_ME - Activity 1,FAKE_REPLACE_ME - SOG-025,FAKE_REPLACE_ME - Business 13
FAKE_REPLACE_ME - BOOK-0530 · TRADER-105,Hedges,FAKE_REPLACE_ME - Activity 1,FAKE_REPLACE_ME - SOG-025,FAKE_REPLACE_ME - Business 13
FAKE_REPLACE_ME - BOOK-0531 · TRADER-106,XVA,FAKE_REPLACE_ME - Activity 2,FAKE_REPLACE_ME - SOG-026,FAKE_REPLACE_ME - Business 14
FAKE_REPLACE_ME - BOOK-0532 · TRADER-106,Hedges,FAKE_REPLACE_ME - Activity 2,FAKE_REPLACE_ME - SOG-026,FAKE_REPLACE_ME - Business 14
FAKE_REPLACE_ME - BOOK-0533 · TRADER-107,XVA,FAKE_REPLACE_ME - Activity 3,FAKE_REPLACE_ME - SOG-027,FAKE_REPLACE_ME - Business 15
FAKE_REPLACE_ME - BOOK-0534 · TRADER-107,Hedges,FAKE_REPLACE_ME - Activity 3,FAKE_REPLACE_ME - SOG-027,FAKE_REPLACE_ME - Business 15
FAKE_REPLACE_ME - BOOK-0535 · TRADER-108,XVA,FAKE_REPLACE_ME - Activity 4,FAKE_REPLACE_ME - SOG-028,FAKE_REPLACE_ME - Business 16
FAKE_REPLACE_ME - BOOK-0536 · TRADER-108,Hedges,FAKE_REPLACE_ME - Activity 4,FAKE_REPLACE_ME - SOG-028,FAKE_REPLACE_ME - Business 16
FAKE_REPLACE_ME - BOOK-0537 · TRADER-109,XVA,FAKE_REPLACE_ME - Activity 5,FAKE_REPLACE_ME - SOG-029,FAKE_REPLACE_ME - Business 17
FAKE_REPLACE_ME - BOOK-0538 · TRADER-109,Hedges,FAKE_REPLACE_ME - Activity 5,FAKE_REPLACE_ME - SOG-029,FAKE_REPLACE_ME - Business 17
FAKE_REPLACE_ME - BOOK-0539 · TRADER-110,XVA,FAKE_REPLACE_ME - Activity 6,FAKE_REPLACE_ME - SOG-030,FAKE_REPLACE_ME - Business 18
FAKE_REPLACE_ME - BOOK-0540 · TRADER-110,Hedges,FAKE_REPLACE_ME - Activity 6,FAKE_REPLACE_ME - SOG-030,FAKE_REPLACE_ME - Business 18
FAKE_REPLACE_ME - BOOK-0541 · TRADER-111,XVA,FAKE_REPLACE_ME - Activity 7,FAKE_REPLACE_ME - SOG-031,FAKE_REPLACE_ME - Business 01
FAKE_REPLACE_ME - BOOK-0542 · TRADER-111,Hedges,FAKE_REPLACE_ME - Activity 7,FAKE_REPLACE_ME - SOG-031,FAKE_REPLACE_ME - Business 01
FAKE_REPLACE_ME - BOOK-0543 · TRADER-112,XVA,FAKE_REPLACE_ME - Activity 8,FAKE_REPLACE_ME - SOG-032,FAKE_REPLACE_ME - Business 02
FAKE_REPLACE_ME - BOOK-0544 · TRADER-112,Hedges,FAKE_REPLACE_ME - Activity 8,FAKE_REPLACE_ME - SOG-032,FAKE_REPLACE_ME - Business 02
FAKE_REPLACE_ME - BOOK-0545 · TRADER-113,XVA,FAKE_REPLACE_ME - Activity 9,FAKE_REPLACE_ME - SOG-033,FAKE_REPLACE_ME - Business 03
FAKE_REPLACE_ME - BOOK-0546 · TRADER-113,Hedges,FAKE_REPLACE_ME - Activity 9,FAKE_REPLACE_ME - SOG-033,FAKE_REPLACE_ME - Business 03
FAKE_REPLACE_ME - BOOK-0547 · TRADER-114,XVA,FAKE_REPLACE_ME - Activity 10,FAKE_REPLACE_ME - SOG-034,FAKE_REPLACE_ME - Business 04
FAKE_REPLACE_ME - BOOK-0548 · TRADER-114,Hedges,FAKE_REPLACE_ME - Activity 10,FAKE_REPLACE_ME - SOG-034,FAKE_REPLACE_ME - Business 04
FAKE_REPLACE_ME - BOOK-0549 · TRADER-115,XVA,FAKE_REPLACE_ME - Activity 11,FAKE_REPLACE_ME - SOG-035,FAKE_REPLACE_ME - Business 05
FAKE_REPLACE_ME - BOOK-0550 · TRADER-115,Hedges,FAKE_REPLACE_ME - Activity 11,FAKE_REPLACE_ME - SOG-035,FAKE_REPLACE_ME - Business 05
FAKE_REPLACE_ME - BOOK-0551 · TRADER-116,XVA,FAKE_REPLACE_ME - Activity 12,FAKE_REPLACE_ME - SOG-036,FAKE_REPLACE_ME - Business 06
FAKE_REPLACE_ME - BOOK-0552 · TRADER-116,Hedges,FAKE_REPLACE_ME - Activity 12,FAKE_REPLACE_ME - SOG-036,FAKE_REPLACE_ME - Business 06
FAKE_REPLACE_ME - BOOK-0553 · TRADER-117,XVA,FAKE_REPLACE_ME - Activity 13,FAKE_REPLACE_ME - SOG-037,FAKE_REPLACE_ME - Business 07
FAKE_REPLACE_ME - BOOK-0554 · TRADER-117,Hedges,FAKE_REPLACE_ME - Activity 13,FAKE_REPLACE_ME - SOG-037,FAKE_REPLACE_ME - Business 07
FAKE_REPLACE_ME - BOOK-0555 · TRADER-118,XVA,FAKE_REPLACE_ME - Activity 14,FAKE_REPLACE_ME - SOG-038,FAKE_REPLACE_ME - Business 08
FAKE_REPLACE_ME - BOOK-0556 · TRADER-118,Hedges,FAKE_REPLACE_ME - Activity 14,FAKE_REPLACE_ME - SOG-038,FAKE_REPLACE_ME - Business 08
FAKE_REPLACE_ME - BOOK-0557 · TRADER-119,XVA,FAKE_REPLACE_ME - Activity 15,FAKE_REPLACE_ME - SOG-039,FAKE_REPLACE_ME - Business 09
FAKE_REPLACE_ME - BOOK-0558 · TRADER-119,Hedges,FAKE_REPLACE_ME - Activity 15,FAKE_REPLACE_ME - SOG-039,FAKE_REPLACE_ME - Business 09
FAKE_REPLACE_ME - BOOK-0559 · TRADER-120,XVA,FAKE_REPLACE_ME - Activity 16,FAKE_REPLACE_ME - SOG-040,FAKE_REPLACE_ME - Business 10
FAKE_REPLACE_ME - BOOK-0560 · TRADER-120,Hedges,FAKE_REPLACE_ME - Activity 16,FAKE_REPLACE_ME - SOG-040,FAKE_REPLACE_ME - Business 10
FAKE_REPLACE_ME - BOOK-0561 · TRADER-121,XVA,FAKE_REPLACE_ME - Activity 17,FAKE_REPLACE_ME - SOG-041,FAKE_REPLACE_ME - Business 11
FAKE_REPLACE_ME - BOOK-0562 · TRADER-121,Hedges,FAKE_REPLACE_ME - Activity 17,FAKE_REPLACE_ME - SOG-041,FAKE_REPLACE_ME - Business 11
FAKE_REPLACE_ME - BOOK-0563 · TRADER-122,XVA,FAKE_REPLACE_ME - Activity 18,FAKE_REPLACE_ME - SOG-042,FAKE_REPLACE_ME - Business 12
FAKE_REPLACE_ME - BOOK-0564 · TRADER-122,Hedges,FAKE_REPLACE_ME - Activity 18,FAKE_REPLACE_ME - SOG-042,FAKE_REPLACE_ME - Business 12
FAKE_REPLACE_ME - BOOK-0565 · TRADER-123,XVA,FAKE_REPLACE_ME - Activity 19,FAKE_REPLACE_ME - SOG-043,FAKE_REPLACE_ME - Business 13
FAKE_REPLACE_ME - BOOK-0566 · TRADER-123,Hedges,FAKE_REPLACE_ME - Activity 19,FAKE_REPLACE_ME - SOG-043,FAKE_REPLACE_ME - Business 13
FAKE_REPLACE_ME - BOOK-0567 · TRADER-124,XVA,FAKE_REPLACE_ME - Activity 20,FAKE_REPLACE_ME - SOG-044,FAKE_REPLACE_ME - Business 14
FAKE_REPLACE_ME - BOOK-0568 · TRADER-124,Hedges,FAKE_REPLACE_ME - Activity 20,FAKE_REPLACE_ME - SOG-044,FAKE_REPLACE_ME - Business 14
FAKE_REPLACE_ME - BOOK-0569 · TRADER-125,XVA,FAKE_REPLACE_ME - Activity 21,FAKE_REPLACE_ME - SOG-045,FAKE_REPLACE_ME - Business 15
FAKE_REPLACE_ME - BOOK-0570 · TRADER-125,Hedges,FAKE_REPLACE_ME - Activity 21,FAKE_REPLACE_ME - SOG-045,FAKE_REPLACE_ME - Business 15
FAKE_REPLACE_ME - BOOK-0571 · TRADER-126,XVA,FAKE_REPLACE_ME - Activity 22,FAKE_REPLACE_ME - SOG-046,FAKE_REPLACE_ME - Business 16
FAKE_REPLACE_ME - BOOK-0572 · TRADER-126,Hedges,FAKE_REPLACE_ME - Activity 22,FAKE_REPLACE_ME - SOG-046,FAKE_REPLACE_ME - Business 16
FAKE_REPLACE_ME - BOOK-0573 · TRADER-127,XVA,FAKE_REPLACE_ME - Activity 23,FAKE_REPLACE_ME - SOG-047,FAKE_REPLACE_ME - Business 17
FAKE_REPLACE_ME - BOOK-0574 · TRADER-127,Hedges,FAKE_REPLACE_ME - Activity 23,FAKE_REPLACE_ME - SOG-047,FAKE_REPLACE_ME - Business 17
FAKE_REPLACE_ME - BOOK-0575 · TRADER-128,XVA,FAKE_REPLACE_ME - Activity 24,FAKE_REPLACE_ME - SOG-048,FAKE_REPLACE_ME - Business 18
FAKE_REPLACE_ME - BOOK-0576 · TRADER-128,Hedges,FAKE_REPLACE_ME - Activity 24,FAKE_REPLACE_ME - SOG-048,FAKE_REPLACE_ME - Business 18
FAKE_REPLACE_ME - BOOK-0577 · TRADER-129,XVA,FAKE_REPLACE_ME - Activity 1,FAKE_REPLACE_ME - SOG-049,FAKE_REPLACE_ME - Business 01
FAKE_REPLACE_ME - BOOK-0578 · TRADER-129,Hedges,FAKE_REPLACE_ME - Activity 1,FAKE_REPLACE_ME - SOG-049,FAKE_REPLACE_ME - Business 01
FAKE_REPLACE_ME - BOOK-0579 · TRADER-130,XVA,FAKE_REPLACE_ME - Activity 2,FAKE_REPLACE_ME - SOG-050,FAKE_REPLACE_ME - Business 02
FAKE_REPLACE_ME - BOOK-0580 · TRADER-130,Hedges,FAKE_REPLACE_ME - Activity 2,FAKE_REPLACE_ME - SOG-050,FAKE_REPLACE_ME - Business 02
FAKE_REPLACE_ME - BOOK-0581 · TRADER-131,XVA,FAKE_REPLACE_ME - Activity 3,FAKE_REPLACE_ME - SOG-051,FAKE_REPLACE_ME - Business 03
FAKE_REPLACE_ME - BOOK-0582 · TRADER-131,Hedges,FAKE_REPLACE_ME - Activity 3,FAKE_REPLACE_ME - SOG-051,FAKE_REPLACE_ME - Business 03
FAKE_REPLACE_ME - BOOK-0583 · TRADER-132,XVA,FAKE_REPLACE_ME - Activity 4,FAKE_REPLACE_ME - SOG-052,FAKE_REPLACE_ME - Business 04
FAKE_REPLACE_ME - BOOK-0584 · TRADER-132,Hedges,FAKE_REPLACE_ME - Activity 4,FAKE_REPLACE_ME - SOG-052,FAKE_REPLACE_ME - Business 04
FAKE_REPLACE_ME - BOOK-0585 · TRADER-133,XVA,FAKE_REPLACE_ME - Activity 5,FAKE_REPLACE_ME - SOG-053,FAKE_REPLACE_ME - Business 05
FAKE_REPLACE_ME - BOOK-0586 · TRADER-133,Hedges,FAKE_REPLACE_ME - Activity 5,FAKE_REPLACE_ME - SOG-053,FAKE_REPLACE_ME - Business 05
FAKE_REPLACE_ME - BOOK-0587 · TRADER-134,XVA,FAKE_REPLACE_ME - Activity 6,FAKE_REPLACE_ME - SOG-054,FAKE_REPLACE_ME - Business 06
FAKE_REPLACE_ME - BOOK-0588 · TRADER-134,Hedges,FAKE_REPLACE_ME - Activity 6,FAKE_REPLACE_ME - SOG-054,FAKE_REPLACE_ME - Business 06
FAKE_REPLACE_ME - BOOK-0589 · TRADER-135,XVA,FAKE_REPLACE_ME - Activity 7,FAKE_REPLACE_ME - SOG-055,FAKE_REPLACE_ME - Business 07
FAKE_REPLACE_ME - BOOK-0590 · TRADER-135,Hedges,FAKE_REPLACE_ME - Activity 7,FAKE_REPLACE_ME - SOG-055,FAKE_REPLACE_ME - Business 07
FAKE_REPLACE_ME - BOOK-0591 · TRADER-136,XVA,FAKE_REPLACE_ME - Activity 8,FAKE_REPLACE_ME - SOG-056,FAKE_REPLACE_ME - Business 08
FAKE_REPLACE_ME - BOOK-0592 · TRADER-136,Hedges,FAKE_REPLACE_ME - Activity 8,FAKE_REPLACE_ME - SOG-056,FAKE_REPLACE_ME - Business 08
FAKE_REPLACE_ME - BOOK-0593 · TRADER-137,XVA,FAKE_REPLACE_ME - Activity 9,FAKE_REPLACE_ME - SOG-057,FAKE_REPLACE_ME - Business 09
FAKE_REPLACE_ME - BOOK-0594 · TRADER-137,Hedges,FAKE_REPLACE_ME - Activity 9,FAKE_REPLACE_ME - SOG-057,FAKE_REPLACE_ME - Business 09
FAKE_REPLACE_ME - BOOK-0595 · TRADER-138,XVA,FAKE_REPLACE_ME - Activity 10,FAKE_REPLACE_ME - SOG-058,FAKE_REPLACE_ME - Business 10
FAKE_REPLACE_ME - BOOK-0596 · TRADER-138,Hedges,FAKE_REPLACE_ME - Activity 10,FAKE_REPLACE_ME - SOG-058,FAKE_REPLACE_ME - Business 10
FAKE_REPLACE_ME - BOOK-0597 · TRADER-139,XVA,FAKE_REPLACE_ME - Activity 11,FAKE_REPLACE_ME - SOG-059,FAKE_REPLACE_ME - Business 11
FAKE_REPLACE_ME - BOOK-0598 · TRADER-139,Hedges,FAKE_REPLACE_ME - Activity 11,FAKE_REPLACE_ME - SOG-059,FAKE_REPLACE_ME - Business 11
FAKE_REPLACE_ME - BOOK-0599 · TRADER-140,XVA,FAKE_REPLACE_ME - Activity 12,FAKE_REPLACE_ME - SOG-060,FAKE_REPLACE_ME - Business 12
FAKE_REPLACE_ME - BOOK-0600 · TRADER-140,Hedges,FAKE_REPLACE_ME - Activity 12,FAKE_REPLACE_ME - SOG-060,FAKE_REPLACE_ME - Business 12
FAKE_REPLACE_ME - BOOK-0601 · TRADER-141,XVA,FAKE_REPLACE_ME - Activity 13,FAKE_REPLACE_ME - SOG-061,FAKE_REPLACE_ME - Business 13
FAKE_REPLACE_ME - BOOK-0602 · TRADER-141,Hedges,FAKE_REPLACE_ME - Activity 13,FAKE_REPLACE_ME - SOG-061,FAKE_REPLACE_ME - Business 13
FAKE_REPLACE_ME - BOOK-0603 · TRADER-142,XVA,FAKE_REPLACE_ME - Activity 14,FAKE_REPLACE_ME - SOG-062,FAKE_REPLACE_ME - Business 14
FAKE_REPLACE_ME - BOOK-0604 · TRADER-142,Hedges,FAKE_REPLACE_ME - Activity 14,FAKE_REPLACE_ME - SOG-062,FAKE_REPLACE_ME - Business 14
FAKE_REPLACE_ME - BOOK-0605 · TRADER-143,XVA,FAKE_REPLACE_ME - Activity 15,FAKE_REPLACE_ME - SOG-063,FAKE_REPLACE_ME - Business 15
FAKE_REPLACE_ME - BOOK-0606 · TRADER-143,Hedges,FAKE_REPLACE_ME - Activity 15,FAKE_REPLACE_ME - SOG-063,FAKE_REPLACE_ME - Business 15
FAKE_REPLACE_ME - BOOK-0607 · TRADER-144,XVA,FAKE_REPLACE_ME - Activity 16,FAKE_REPLACE_ME - SOG-064,FAKE_REPLACE_ME - Business 16
FAKE_REPLACE_ME - BOOK-0608 · TRADER-144,Hedges,FAKE_REPLACE_ME - Activity 16,FAKE_REPLACE_ME - SOG-064,FAKE_REPLACE_ME - Business 16
FAKE_REPLACE_ME - BOOK-0609 · TRADER-145,XVA,FAKE_REPLACE_ME - Activity 17,FAKE_REPLACE_ME - SOG-065,FAKE_REPLACE_ME - Business 17
FAKE_REPLACE_ME - BOOK-0610 · TRADER-145,Hedges,FAKE_REPLACE_ME - Activity 17,FAKE_REPLACE_ME - SOG-065,FAKE_REPLACE_ME - Business 17
FAKE_REPLACE_ME - BOOK-0611 · TRADER-146,XVA,FAKE_REPLACE_ME - Activity 18,FAKE_REPLACE_ME - SOG-066,FAKE_REPLACE_ME - Business 18
FAKE_REPLACE_ME - BOOK-0612 · TRADER-146,Hedges,FAKE_REPLACE_ME - Activity 18,FAKE_REPLACE_ME - SOG-066,FAKE_REPLACE_ME - Business 18
FAKE_REPLACE_ME - BOOK-0613 · TRADER-147,XVA,FAKE_REPLACE_ME - Activity 19,FAKE_REPLACE_ME - SOG-067,FAKE_REPLACE_ME - Business 01
FAKE_REPLACE_ME - BOOK-0614 · TRADER-147,Hedges,FAKE_REPLACE_ME - Activity 19,FAKE_REPLACE_ME - SOG-067,FAKE_REPLACE_ME - Business 01
FAKE_REPLACE_ME - BOOK-0615 · TRADER-148,XVA,FAKE_REPLACE_ME - Activity 20,FAKE_REPLACE_ME - SOG-068,FAKE_REPLACE_ME - Business 02
FAKE_REPLACE_ME - BOOK-0616 · TRADER-148,Hedges,FAKE_REPLACE_ME - Activity 20,FAKE_REPLACE_ME - SOG-068,FAKE_REPLACE_ME - Business 02
FAKE_REPLACE_ME - BOOK-0617 · TRADER-149,XVA,FAKE_REPLACE_ME - Activity 21,FAKE_REPLACE_ME - SOG-069,FAKE_REPLACE_ME - Business 03
FAKE_REPLACE_ME - BOOK-0618 · TRADER-149,Hedges,FAKE_REPLACE_ME - Activity 21,FAKE_REPLACE_ME - SOG-069,FAKE_REPLACE_ME - Business 03
FAKE_REPLACE_ME - BOOK-0619 · TRADER-150,XVA,FAKE_REPLACE_ME - Activity 22,FAKE_REPLACE_ME - SOG-070,FAKE_REPLACE_ME - Business 04
FAKE_REPLACE_ME - BOOK-0620 · TRADER-150,Hedges,FAKE_REPLACE_ME - Activity 22,FAKE_REPLACE_ME - SOG-070,FAKE_REPLACE_ME - Business 04
FAKE_REPLACE_ME - BOOK-0621 · TRADER-151,XVA,FAKE_REPLACE_ME - Activity 23,FAKE_REPLACE_ME - SOG-071,FAKE_REPLACE_ME - Business 05
FAKE_REPLACE_ME - BOOK-0622 · TRADER-151,Hedges,FAKE_REPLACE_ME - Activity 23,FAKE_REPLACE_ME - SOG-071,FAKE_REPLACE_ME - Business 05
FAKE_REPLACE_ME - BOOK-0623 · TRADER-152,XVA,FAKE_REPLACE_ME - Activity 24,FAKE_REPLACE_ME - SOG-072,FAKE_REPLACE_ME - Business 06
FAKE_REPLACE_ME - BOOK-0624 · TRADER-152,Hedges,FAKE_REPLACE_ME - Activity 24,FAKE_REPLACE_ME - SOG-072,FAKE_REPLACE_ME - Business 06
FAKE_REPLACE_ME - BOOK-0625 · TRADER-153,XVA,FAKE_REPLACE_ME - Activity 1,FAKE_REPLACE_ME - SOG-073,FAKE_REPLACE_ME - Business 07
FAKE_REPLACE_ME - BOOK-0626 · TRADER-153,Hedges,FAKE_REPLACE_ME - Activity 1,FAKE_REPLACE_ME - SOG-073,FAKE_REPLACE_ME - Business 07
FAKE_REPLACE_ME - BOOK-0627 · TRADER-154,XVA,FAKE_REPLACE_ME - Activity 2,FAKE_REPLACE_ME - SOG-074,FAKE_REPLACE_ME - Business 08
FAKE_REPLACE_ME - BOOK-0628 · TRADER-154,Hedges,FAKE_REPLACE_ME - Activity 2,FAKE_REPLACE_ME - SOG-074,FAKE_REPLACE_ME - Business 08
FAKE_REPLACE_ME - BOOK-0629 · TRADER-155,XVA,FAKE_REPLACE_ME - Activity 3,FAKE_REPLACE_ME - SOG-075,FAKE_REPLACE_ME - Business 09
FAKE_REPLACE_ME - BOOK-0630 · TRADER-155,Hedges,FAKE_REPLACE_ME - Activity 3,FAKE_REPLACE_ME - SOG-075,FAKE_REPLACE_ME - Business 09
FAKE_REPLACE_ME - BOOK-0631 · TRADER-156,XVA,FAKE_REPLACE_ME - Activity 4,FAKE_REPLACE_ME - SOG-076,FAKE_REPLACE_ME - Business 10
FAKE_REPLACE_ME - BOOK-0632 · TRADER-156,Hedges,FAKE_REPLACE_ME - Activity 4,FAKE_REPLACE_ME - SOG-076,FAKE_REPLACE_ME - Business 10
FAKE_REPLACE_ME - BOOK-0633 · TRADER-157,XVA,FAKE_REPLACE_ME - Activity 5,FAKE_REPLACE_ME - SOG-077,FAKE_REPLACE_ME - Business 11
FAKE_REPLACE_ME - BOOK-0634 · TRADER-157,Hedges,FAKE_REPLACE_ME - Activity 5,FAKE_REPLACE_ME - SOG-077,FAKE_REPLACE_ME - Business 11
FAKE_REPLACE_ME - BOOK-0635 · TRADER-158,XVA,FAKE_REPLACE_ME - Activity 6,FAKE_REPLACE_ME - SOG-078,FAKE_REPLACE_ME - Business 12
FAKE_REPLACE_ME - BOOK-0636 · TRADER-158,Hedges,FAKE_REPLACE_ME - Activity 6,FAKE_REPLACE_ME - SOG-078,FAKE_REPLACE_ME - Business 12
FAKE_REPLACE_ME - BOOK-0637 · TRADER-159,XVA,FAKE_REPLACE_ME - Activity 7,FAKE_REPLACE_ME - SOG-079,FAKE_REPLACE_ME - Business 13
FAKE_REPLACE_ME - BOOK-0638 · TRADER-159,Hedges,FAKE_REPLACE_ME - Activity 7,FAKE_REPLACE_ME - SOG-079,FAKE_REPLACE_ME - Business 13
FAKE_REPLACE_ME - BOOK-0639 · TRADER-160,XVA,FAKE_REPLACE_ME - Activity 8,FAKE_REPLACE_ME - SOG-080,FAKE_REPLACE_ME - Business 14
FAKE_REPLACE_ME - BOOK-0640 · TRADER-160,Hedges,FAKE_REPLACE_ME - Activity 8,FAKE_REPLACE_ME - SOG-080,FAKE_REPLACE_ME - Business 14
