Risk Type,Risk Greek,Underlying,MatrixName
IR,Delta,TEMP_REPLACE_ME - USD SOFR,IR_DELTA_STANDARD
IR,Delta,TEMP_REPLACE_ME - EUR ESTR,IR_DELTA_STANDARD
IR,Delta,TEMP_REPLACE_ME - GBP SONIA,IR_DELTA_STANDARD
FX,Vega,TEMP_REPLACE_ME - EUR/USD Vol,FX_VEGA_STANDARD
FX,Vega,TEMP_REPLACE_ME - GBP/USD Vol,FX_VEGA_STANDARD
FX,Vega,TEMP_REPLACE_ME - USD/JPY Vol,FX_VEGA_STANDARD
Credit,Delta,TEMP_REPLACE_ME - CDX IG,CREDIT_STANDARD
Credit,Delta,TEMP_REPLACE_ME - iTraxx Main,CREDIT_STANDARD
Credit,Delta,TEMP_REPLACE_ME - Ford CDS,CREDIT_STANDARD
